StoreName,City,Area,ProductName,QuantityAvailable,RetailPrice
National Stores,Ouro Branco,9 Springview Point,Chocolate Bar - Smarties,11,1500.39
Family Dollar,Gerakaroú,5434 Daystar Circle,Pepper - Red Bell,1,2095.61
BJ's Wholesale Club,Radoboj,3 Darwin Drive,Chickensplit Half,11,364.02
Ocean State Job Lot,Al Madīd,684 Bunting Lane,Zucchini - Green,1,2111.21
Ollie's Bargain Outlet,Bo Phloi,50162 John Wall Drive,"Cod - Salted, Boneless",3,934.82
BJ's Wholesale Club,Pieńsk,8 Fordem Pass,Flower - Dish Garden,9,366.89
BJ's Wholesale Club,Bov,89058 Monument Hill,"Beef - Rouladin, Sliced",4,1704.69
Costco,Tögrög,1 Clarendon Way,"Cheese - Brie, Cups 125g",3,891.92
Fred's,Chrastava,629 Crescent Oaks Center,Clam - Cherrystone,8,2328.64
Big Lots,Ágios Efstrátios,175 Kim Place,Coffee Cup 8oz 5338cd,7,82.66
HomeGoods,Kangar,689 Vera Pass,Sprouts - Alfalfa,4,614.76
HomeGoods,Cipondok,78107 Logan Plaza,Flour - Semolina,2,2941.23
Ben Franklin,Las Flores,28413 Knutson Park,Monkfish - Fresh,9,1707.46
Ollie's Bargain Outlet,Kaseda-shirakame,828 Iowa Parkway,Pepper - Green Thai,11,3196.38
Burlington Coat Factory,Golden,28352 Tennyson Court,Oranges,1,1727.04
Ocean State Job Lot,Melrose,0 Cottonwood Pass,"Beef - Tenderlion, Center Cut",5,1364.52
Renys,Mnich,14 Mayfield Alley,"Octopus - Baby, Cleaned",5,303.13
Gabe's,Benito Juarez,010 Lunder Avenue,Rootbeer,9,2056.26
Meijer,Prokuplje,0 Dryden Park,Water - Tonic,4,228.06
HomeGoods,Tuanshan,92 Heffernan Trail,Longos - Chicken Caeser Salad,5,2321.59
Dd's Discounts,Jiukeng,634 Jackson Parkway,Hummus - Spread,2,1711.77
Ollie's Bargain Outlet,Gualán,5 Warner Parkway,Curry Powder,4,1250.4
Gordmans,Zhubei,353 Blackbird Avenue,"Bread - Crumbs, Bulk",3,512.38
Target,Purral,4496 Killdeer Court,Lamb - Loin Chops,3,715.33
Family Dollar,Cercal,4 Charing Cross Plaza,Coffee Cup 16oz Foam,1,3866.06
Fred's,Hekou,5995 Merchant Trail,Towel Dispenser,11,619.91
Ross Stores,Ra-ngae,023 Coleman Place,Muskox - French Rack,2,703.88
Tuesday Morning,Ettelbruck,84269 Crescent Oaks Way,Soup - Campbells Asian Noodle,10,591.06
Walmart,Si Racha,2 Laurel Drive,Soup - Base Broth Beef,5,2758.13
Dollar General,Kumane,42385 Lighthouse Bay Hill,Cake - Lemon Chiffon,12,3519.15
Ben Franklin,Chicheng,9 Melvin Way,Onions - Red Pearl,11,1734.47
Dd's Discounts,Liuzu,4416 Barby Terrace,Green Tea Refresher,7,3804.43
Ben Franklin,Khairpur,496 Cambridge Plaza,"Rum - Coconut, Malibu",7,2020.1
Dd's Discounts,Batuna Satu,375 Bellgrove Point,Bagel - Everything,3,2492.85
Harbor Freight Tools,Lafiagi,40020 Morningstar Crossing,Trueblue - Blueberry 12x473ml,8,2218.44
Family Dollar,Zarechnyy,39 Graceland Place,Cheese - St. Andre,5,1939.67
National Stores,Primorka,8 Hudson Crossing,Wine - Mondavi Coastal Private,4,1326.08
Gabe's,Dabao,55 Bonner Lane,Rice Wine - Aji Mirin,9,1968.35
Renys,Şirvan,24 American Ash Plaza,"Vodka - Hot, Lnferno",4,3539.67
Dollar General,Funes,5657 Daystar Way,Tarragon - Fresh,7,3384.82
Harbor Freight Tools,Bo Kluea,25036 Division Terrace,Lobster - Cooked,9,1032.35
Stein Mart,Yinla,8668 Lakewood Gardens Road,"Lemonade - Kiwi, 591 Ml",6,2970.73
Gordmans,Majan,4621 Burrows Hill,Crackers Cheez It,10,1926.55
Marshalls,Cavan,00189 Jana Plaza,Pomello,5,2318.19
Burlington Coat Factory,Asykata,1 Drewry Circle,Rabbit - Whole,3,1278.77
Stein Mart,Ala,42543 Chinook Road,Wine - Vovray Sec Domaine Huet,9,3825.32
Five Below,Vostochnyy,7329 Esch Avenue,Monkfish - Fresh,11,3910.15
Dd's Discounts,Curridabat,2 Morrow Avenue,Appetizer - Escargot Puff,11,1967.38
Roses,Ibshawāy,0 4th Pass,Mustard Prepared,8,1015.66
HomeSense,Budrus,737 Caliangt Road,Sherry - Dry,6,2591.29
HomeGoods,Banjar Yehsatang,41 Knutson Court,Wine - Penfolds Koonuga Hill,7,2394.1
Marshalls,Lameiro,25554 Laurel Alley,"Sparkling Wine - Rose, Freixenet",1,1814.52
Fred Meyer,Alarobia,1538 Steensland Park,Peppercorns - Green,10,2646.12
Shopko,Rawa,421 Randy Lane,"Arctic Char - Fresh, Whole",6,1578.36
Costco,Caihe,9 Dwight Plaza,Cilantro / Coriander - Fresh,10,3326.88
National Stores,Capalayan,54321 Waxwing Crossing,Ecolab - Solid Fusion,2,2791.71
Ross Stores,Niš,71 Dayton Plaza,Spinach - Frozen,6,835.97
Big Lots,Piraju,868 Atwood Park,Potatoes - Mini White 3 Oz,10,1332.08
Family Dollar,Nsanje,7 Ronald Regan Park,Beets - Mini Golden,9,2463.27
Renys,Alexandroúpoli,8 Melvin Drive,"Lemonade - Strawberry, 591 Ml",6,3255.84
Dd's Discounts,Twardawa,645 Pierstorff Terrace,"Rum - Cream, Amarula",5,3278.04
Tuesday Morning,Höganäs,709 6th Circle,Wheat - Soft Kernal Of Wheat,7,2718.19
Renys,Rendui,6553 Maryland Center,Bulgar,2,2085.69
Kmart,Pangalangan,89062 Eggendart Avenue,"Pasta - Orzo, Dry",12,2624.72
Meijer,Derbent,8 Clove Center,Tea - Lemon Scented,12,1658.1
Dollar General,Opočno,23 6th Drive,Tray - 12in Rnd Blk,9,1089.36
Marshalls,Gaojimiao,2 Lawn Terrace,Peppercorns - Pink,4,3829.81
Roses,Pniewy,82 Golf Plaza,Sauce - Vodka Blush,2,1362.91
Walmart,Montpellier,6 Ridgeway Hill,"Appetizer - Mini Egg Roll, Shrimp",6,2975.2
BJ's Wholesale Club,Älvsjö,2 Brown Plaza,Cheese - Fontina,12,621.37
Ollie's Bargain Outlet,Béja,0317 Pond Hill,Cattail Hearts,1,3295.61
Target,Fenghua,4 4th Terrace,Napkin White - Starched,11,2974.43
Harbor Freight Tools,Pathum Rat,88199 Golf Course Center,Pork - Ham Hocks - Smoked,4,1484.93
Bi-Mart,Tianchi,2 Nelson Alley,"Lamb - Whole Head Off,nz",1,357.33
BJ's Wholesale Club,Nizhniy Lomov,9565 Arkansas Plaza,Filo Dough,8,3882.77
Marshalls,Vänersborg,9 Iowa Terrace,Jerusalem Artichoke,12,312.37
Shopko,Nanjiao,02074 North Center,Cookie Dough - Chunky,2,1616.16
Meijer,Huaribamba,8132 High Crossing Street,Wine - Semi Dry Riesling Vineland,10,3355.22
T.J. Maxx,Kedungreja,4591 Crownhardt Place,Spice - Pepper Portions,9,3574.91
Target,Tower,93 Basil Trail,Aspic - Amber,2,2306.66
Ben Franklin,Jāndiāla Sher Khān,2373 Derek Plaza,Leeks - Large,8,3384.29
HomeGoods,Zwolle,85 Hayes Crossing,Easy Off Oven Cleaner,8,1015.89
Fred Meyer,Kediren,90 Dawn Point,White Baguette,8,1932.73
Marshalls,Hualfín,96 Crownhardt Court,Petit Baguette,5,2515.66
Roses,Oslo,165 Moland Pass,Chives - Fresh,2,1346.26
National Stores,Katunayaka,7588 Hudson Hill,Tea - Herbal Sweet Dreams,12,60.19
T.J. Maxx,Lautaro,19077 Service Drive,Dasheen,10,2797.11
Ollie's Bargain Outlet,Phultala,08032 Pennsylvania Avenue,"Nut - Walnut, Chopped",3,3141.1
Ross Stores,Västervik,666 Helena Parkway,Pop Shoppe Cream Soda,3,3848.56
Harbor Freight Tools,Longshan,01238 Sugar Parkway,Island Oasis - Magarita Mix,1,3671.16
Fred Meyer,Agriá,07 Nobel Pass,Chicken - Leg / Back Attach,2,591.88
Costco,Kamárai,26220 Gale Place,Loquat,11,3294.09
Gordmans,Kayapa,07 Carpenter Place,"Wine - Red, Black Opal Shiraz",3,3699.41
Big Lots,Oepula,6086 Spenser Plaza,Vacuum Bags 12x16,10,3024.4
Gordmans,Gadingrejo,86944 Darwin Plaza,Bag - Clear 7 Lb,9,766.08
Stein Mart,Yangi-Nishon Shahri,65 School Alley,"Lemonade - Strawberry, 591 Ml",11,2497.37
T.J. Maxx,Fershampenuaz,46172 Marquette Park,"Soup - Beef Conomme, Dry",1,2571.68
Burlington Coat Factory,Las Lomas,00 Crescent Oaks Circle,Appetizer - Veg Assortment,9,1549.84
Kmart,Buenavista,82984 Northridge Junction,Cookies - Englishbay Wht,1,2653.35
Dd's Discounts,Sidi Smaïl,7 Gina Street,Coffee - Decafenated,7,3902.22
BJ's Wholesale Club,Gagarin,9 Kipling Road,Fork - Plastic,11,758.15
HomeGoods,Sitajara,6286 Knutson Alley,Foie Gras,12,167.81
Roses,Kabalo,92300 Granby Point,Country Roll,10,1273.52
Meijer,Anling,98 Arkansas Crossing,Sauerkraut,6,2537.54
Gabe's,Lanigan,46564 Dixon Drive,Hagen Daza - Dk Choocolate,11,2084.58
Shopko,Panjerrejo,0301 Melody Crossing,Red Currants,3,1126.72
Family Dollar,Carpiquet,3 Transport Circle,Cheese - Valancey,1,2951.44
T.J. Maxx,Santa Rita,285 Evergreen Circle,Pepper - Green Thai,12,3924.37
Gordmans,La Unión,7 Cardinal Terrace,Tomato - Plum With Basil,10,533.09
Burlington Coat Factory,Tha Mai,7788 Sommers Avenue,Snapple Raspberry Tea,5,3440.67
Five Below,Buracan,57326 Thierer Center,Rice Paper,7,2061.64
Family Dollar,Templeogue,368 Mallory Plaza,Pastry - French Mini Assorted,4,2382.45
Ocean State Job Lot,Stockholm,69 Iowa Center,Lobster - Cooked,1,2813.5
Ben Franklin,Nihaona,7 Shoshone Hill,Wine - Rubyport,7,2109.37
Roses,Jangheung,1 Marquette Crossing,"Lemonade - Kiwi, 591 Ml",6,3439.52
Meijer,Martinlongo,13456 Hayes Avenue,"Salmon - Atlantic, No Skin",7,3041.84
Ben Franklin,Jinchang,7124 Dovetail Trail,Flour - Rye,1,3417.09
Roses,Karakul’,9 Prentice Place,Oil - Sunflower,10,3680.71
Bi-Mart,Wolowiro,7 Rockefeller Parkway,Tomatillo,3,1420.61
Shopko,Tambillo,571 Clarendon Park,Flour - Chickpea,12,512.75
Fred Meyer,Rawang,17010 Schiller Pass,Soup - Campbells Chili,4,818.98
Dollar General,Al Midyah,13538 Ryan Lane,Cheese - Marble,1,3452.89
Roses,Ledoy,2 Longview Drive,"Capon - Breast, Double, Wing On",1,1649.11
Five Below,Sarukhan,47 Claremont Junction,Pernod,3,3316.69
Roses,Bloemfontein,9404 Arizona Court,"Pasta - Orzo, Dry",12,550.66
Family Dollar,Bagneux,47136 Sundown Avenue,Sauce - Caesar Dressing,12,3868.14
Marshalls,Draguignan,13 Melody Avenue,Chicken - White Meat With Tender,12,1735.83
Dollar Tree,Weibin,805 Eggendart Plaza,"Yogurt - Raspberry, 175 Gr",3,894.59
Dd's Discounts,Srinagarindra,60609 Wayridge Junction,Compound - Orange,2,976.8
Big Lots,Shadili,947 Kingsford Parkway,Calypso - Lemonade,2,174.08
Dollar Tree,Chaplygin,83 South Place,Sesame Seed Black,7,3385.48
HomeSense,Sandaohezi,943 South Drive,"Pork - Bacon,back Peameal",4,3011.32
Ollie's Bargain Outlet,Cool űrhajó,23 Esch Center,Allspice - Jamaican,5,1131.7
Bargain Hunt,Gushui,517 David Park,Coffee Cup 12oz 5342cd,2,2011.89
Meijer,Frydrychowice,9 Nelson Hill,Bread - Sour Batard,9,1453.35
Family Dollar,Fleury-les-Aubrais,2 Harper Way,Bandage - Fexible 1x3,1,2085.87
Five Below,Campo,83 Michigan Circle,Seaweed Green Sheets,6,2510.51
Big Lots,Sundsvall,4 Hayes Crossing,Beef - Montreal Smoked Brisket,1,3212.48
Shopko,Suwangi Utara,72026 Evergreen Drive,Lemon Pepper,11,1418.93
T.J. Maxx,Miłakowo,73083 Darwin Park,Wine - Delicato Merlot,4,1140.55
Roses,Quyangqiao,1 Dakota Drive,Minute Maid Orange Juice,11,3831.42
Family Dollar,Jomboy,05873 Dovetail Parkway,Crab Brie In Phyllo,8,3233.88
BJ's Wholesale Club,Lyon,2 Fairfield Court,Muffin - Bran Ind Wrpd,11,581.18
Gabe's,San Teodoro,35 Evergreen Drive,Kellogs Special K Cereal,4,2774.64
Kmart,Nagcarlan,81 Forest Run Hill,Ecolab - Mikroklene 4/4 L,6,1991.34
Roses,Grubišno Polje,0524 Anhalt Lane,Cabbage - Nappa,7,120.16
Ross Stores,Portorož,44 Drewry Street,Energy Drink Bawls,12,1241.16
Dd's Discounts,Chenjiaba,0 Corscot Point,"Juice - Apple, 341 Ml",2,1626.59
HomeSense,Alor Setar,15 Kipling Court,Paper - Brown Paper Mini Cups,1,3228.26
Bi-Mart,San Francisco,58468 Armistice Drive,Cookies Almond Hazelnut,1,170.01
Dd's Discounts,Szprotawa,3 Burrows Crossing,"Chilli Paste, Ginger Garlic",12,576.3
Family Dollar,Amagasaki,8 Mockingbird Court,Maple Syrup,4,3014.25
HomeGoods,Los Fresnos,14852 Jenna Avenue,Soup Campbells Beef With Veg,1,396.0
Ross Stores,Skórzec,8566 Clove Hill,Milk - Buttermilk,9,3824.41
Burlington Coat Factory,Tama,0200 Westport Circle,"Soup - French Onion, Dry",3,2794.59
Family Dollar,Moreira de Geraz do Lima,260 Kinsman Street,Chicken - Tenderloin,11,2677.96
Ben Franklin,Wang Saphung,12375 Almo Junction,Beer - Heinekin,6,392.03
Big Lots,Kerek,46 Schlimgen Hill,Browning Caramel Glace,9,3219.08
Bi-Mart,Huanglong,43 Spohn Crossing,Tobasco Sauce,12,1122.51
Big Lots,Lukou,3440 Mcbride Court,Coffee - Decaffeinato Coffee,3,3576.91
Walmart,Na Chueak,9630 Dahle Hill,Cheese - Brick With Pepper,3,1972.21
Stein Mart,Shangcun,68257 Bellgrove Way,Chip - Potato Dill Pickle,9,1918.18
Costco,Velká nad Veličkou,1497 Cordelia Point,Peppercorns - Green,2,2424.82
Meijer,Ya’erya,49695 Quincy Alley,Island Oasis - Peach Daiquiri,8,909.04
Ocean State Job Lot,Sandur,84 Bellgrove Lane,Sage Derby,3,1598.55
Target,Kyzyldzhar,17 Kim Circle,"Pork - Bacon, Sliced",3,2283.39
Ollie's Bargain Outlet,Talhār,00109 Forest Run Point,Goat - Whole Cut,1,2382.32
Gabe's,Pélla,35736 Lukken Drive,"Tart Shells - Sweet, 3",1,2245.58
Roses,Lanyi,76813 Hoffman Crossing,Bay Leaf Fresh,3,1977.59
HomeSense,Arcos,688 Hanover Road,"Cheese - Brie,danish",2,2595.83
Walmart,Thị Trấn Cẩm Thủy,2514 Summit Court,Longos - Cheese Tortellini,3,3082.08
Gabe's,Thị Trấn Nguyên Bình,8 Milwaukee Way,Sunflower Seed Raw,7,2233.93
Bargain Hunt,Bojong,72321 Stuart Road,Beef - Tenderloin Tails,4,1435.68
Target,Corgo,22 Mifflin Junction,Paper Towel Touchless,3,1578.98
Ben Franklin,Jhumra,8425 Mandrake Point,Muffin Mix - Carrot,11,408.31
Roses,Phoenix,40477 Caliangt Center,Sambuca Cream,11,185.2
Renys,Si Khoraphum,17793 Chinook Parkway,Plasticforkblack,7,2811.54
T.J. Maxx,Zhongshanlu,0124 Kingsford Hill,"Cheese - Brie,danish",1,2820.24
Tuesday Morning,Iporã,26176 Acker Pass,"Pasta - Detalini, White, Fresh",1,2315.66
Ocean State Job Lot,Qiaobian,581 Buhler Parkway,Napkin White,7,1925.71
Walmart,Klau,82167 Russell Junction,Cup Translucent 9 Oz,12,523.8
Family Dollar,Sioguí Arriba,1 Canary Center,"Juice - Apple, 500 Ml",1,829.26
Ben Franklin,Cergy-Pontoise,6 Westend Plaza,Wine - Kwv Chenin Blanc South,11,2654.2
Ollie's Bargain Outlet,Åkersberga,4 Cascade Terrace,"Beets - Candy Cane, Organic",4,3156.96
Bargain Hunt,Guamal,5 Autumn Leaf Pass,Table Cloth 54x72 Colour,4,2073.49
BJ's Wholesale Club,Lesnikovo,82 Trailsway Junction,Flour - Teff,3,409.73
Shopko,Gudauta,3 Bashford Park,Cheese - Pont Couvert,2,2418.27
Burlington Coat Factory,Kizlyar,65 Melvin Court,Chocolate Liqueur - Godet White,4,3604.41
Shopko,Dresden,417 Ilene Lane,Brandy Cherry - Mcguinness,1,3358.21
Shopko,Bi’r al Ḩufayy,595 Sugar Street,"Lemonade - Island Tea, 591 Ml",1,1175.01
Ollie's Bargain Outlet,Västerås,8 Vidon Place,Loquat,10,314.98
Walmart,Pordapor Barat,655 Union Center,Beer - Blue,1,3997.24
Dollar Tree,Portland,0 Merry Hill,"Mushroom - Morels, Dry",9,2339.54
Roses,Trawniki,13 Chinook Way,Pears - Bartlett,5,856.3
Ocean State Job Lot,Padang,3627 Elka Center,"Tart Shells - Sweet, 4",2,25.03
Walmart,Ōarai,57004 Sauthoff Avenue,"Wine - Red, Black Opal Shiraz",12,3443.08
Renys,Abengourou,71593 Macpherson Way,Yogurt - Assorted Pack,10,3817.95
Kmart,Dongli,7022 Toban Crossing,Shark - Loin,1,1044.65
Costco,Dubna,45038 Commercial Avenue,Apricots - Dried,4,2136.57
Five Below,Xiaoruo,68 Jenna Parkway,Scampi Tail,8,3935.58
Fred Meyer,Sult,223 Old Gate Trail,Kolrabi,9,940.14
Marshalls,Joubb Jannîne,79174 Eliot Plaza,"Garlic - Primerba, Paste",9,3205.32
Tuesday Morning,Sunnyvale,5428 Judy Hill,"Pork - Tenderloin, Fresh",5,2223.39
Ollie's Bargain Outlet,Frakulla e Madhe,33113 Arizona Avenue,"Soup - Knorr, Country Bean",7,486.56
Ocean State Job Lot,Khasavyurt,052 Di Loreto Circle,Shichimi Togarashi Peppeers,12,847.89
T.J. Maxx,Gentilly,308 Forest Run Pass,Shortbread - Cookie Crumbs,12,3332.63
Ollie's Bargain Outlet,Yotala,303 Atwood Way,Shrimp - Tiger 21/25,10,1739.84
Ocean State Job Lot,Lingkou,86009 Summer Ridge Alley,Ice Cream Bar - Drumstick,8,2633.39
Ollie's Bargain Outlet,Garhi Khairo,125 Lakewood Gardens Trail,Island Oasis - Ice Cream Mix,1,157.24
Fred's,Mezhevoy,677 David Alley,Ice Cream Bar - Hagen Daz,9,1743.65
Roses,Strasbourg,2457 Northfield Circle,Squash - Guords,3,693.48
Meijer,Huangnaihai,16 Welch Avenue,Tomato - Peeled Italian Canned,1,1149.31
Shopko,Phuthaditjhaba,09 Reindahl Drive,Chips - Doritos,11,3324.04
HomeSense,Łaszczów,56979 Goodland Court,Nantucket - 518ml,10,907.19
Bi-Mart,Kanoni,95 Clove Court,Vinegar - Sherry,11,1035.43
Dollar Tree,Santo António das Areias,80659 Crownhardt Junction,"Beets - Candy Cane, Organic",11,1628.06
Marshalls,Rekovac,35 Thackeray Road,"Tarragon - Primerba, Paste",2,1851.24
BJ's Wholesale Club,Shitang,8 Bobwhite Road,Salt And Pepper Mix - White,9,164.26
Gabe's,Polanka Wielka,4 Lerdahl Circle,Whmis - Spray Bottle Trigger,12,3632.69
Burlington Coat Factory,Sanhe,2629 Pennsylvania Lane,Vodka - Moskovskaya,7,3311.37
Target,Sukhinichi,06038 Talisman Park,Syrup - Monin - Granny Smith,7,1332.98
Gordmans,Sandaogou,60 Dennis Crossing,Muffin - Carrot Individual Wrap,6,1407.51
Ocean State Job Lot,San Antonio del Monte,14 Mariners Cove Alley,Mix Pina Colada,10,1978.42
Ben Franklin,Darkūsh,8 Monica Alley,"Pasta - Spaghetti, Dry",11,3455.35
Costco,Tabaquite,084 Starling Crossing,Cheese - Colby,3,3839.11
Stein Mart,Ercheng,8 Pleasure Drive,"Veal - Brisket, Provimi,bnls",3,1139.22
Gabe's,Astorga,131 Everett Circle,Wine - Clavet Saint Emilion,5,2226.06
Big Lots,Orlando,96660 Arapahoe Road,Cake - Mini Potato Pancake,8,1273.31
Fred's,Sośnicowice,4844 Valley Edge Park,Chevril,7,717.43
Renys,Çepan,9 Knutson Point,Peas Snow,2,2816.57
Renys,Calamba,935 Delladonna Way,Pate Pans Yellow,11,3687.32
Ben Franklin,Louka,447 Barnett Place,Bread Base - Toscano,12,1143.87
Bargain Hunt,Göteborg,4 Lawn Lane,"Pasta - Fusili, Dry",7,335.4
T.J. Maxx,Jiaoxie,494 Artisan Junction,Pork Ham Prager,2,3663.62
Family Dollar,Korop,2 Sullivan Pass,Sauce - Balsamic Viniagrette,3,71.02
Fred Meyer,Saint-Joseph-de-Coleraine,84 Aberg Crossing,"Mushrooms - Black, Dried",7,378.0
Stein Mart,Sukaratu,9957 Gerald Alley,Bread Bowl Plain,1,2600.3
Costco,Ayia Napa,0826 Sachs Way,"Pepper - Green, Chili",3,3476.19
Family Dollar,Zbraslav,9 Vahlen Pass,Container - Foam Dixie 12 Oz,5,3960.32
Burlington Coat Factory,Cileueur,7752 Barby Center,Lid - 3oz Med Rec,1,2427.24
T.J. Maxx,Yinglong,0 Montana Court,Tray - 16in Rnd Blk,9,1592.29
Harbor Freight Tools,Banjar Pasekan,1 Londonderry Park,Extract - Raspberry,7,1481.5
Big Lots,Dřiteň,81811 Debra Pass,Potato - Sweet,10,665.42
Harbor Freight Tools,Leon,1 Fulton Hill,Goat - Whole Cut,4,883.33
Burlington Coat Factory,Lian’an,2 Express Pass,Coffee - Hazelnut Cream,7,22.81
HomeSense,Krasnyy Klyuch,6 3rd Junction,Yoplait - Strawbrasp Peac,3,3162.92
Five Below,Galatás,22 Northland Plaza,Veal - Leg,5,3586.27
Kmart,Sabanitas,7330 John Wall Place,Sultanas,2,3615.97
National Stores,Ōmagari,26 Straubel Hill,Cake - Pancake,3,1427.96
Dd's Discounts,Jianmin,1 Grover Trail,Chicken Thigh - Bone Out,11,2427.09
Five Below,Umm Sa‘īd,55750 Village Way,Lettuce - Escarole,5,944.11
Harbor Freight Tools,Olofström,58626 Morning Pass,"Carrots - Purple, Organic",8,176.2
Stein Mart,Lauro de Freitas,37754 La Follette Avenue,Hand Towel,9,3502.72
Ross Stores,San Ignacio de Tupile,03 Debs Crossing,Sprouts - Brussel,5,398.71
BJ's Wholesale Club,Buesaco,904 Mockingbird Junction,Beef - Prime Rib Aaa,10,1290.24
Shopko,San Jose,613 Gerald Trail,Beef - Tenderloin - Aa,8,1048.58
National Stores,Mistřice,925 Pennsylvania Parkway,Bonito Flakes - Toku Katsuo,8,1727.23
Stein Mart,Télimélé,10 Burning Wood Parkway,Bagel - Sesame Seed Presliced,5,1220.79
Ben Franklin,Edineţ,06 Mcbride Junction,Triple Sec - Mcguinness,3,3455.29
Fred Meyer,Carapelhos,50607 Schurz Junction,Wine - Cousino Macul Antiguas,11,3535.95
Gabe's,Fenghuo,5 Ohio Junction,"Lentils - Green, Dry",2,453.66
T.J. Maxx,Pedrulheira,7905 Eastwood Crossing,Beef - Kobe Striploin,4,923.92
Marshalls,Anaheim,256 Grover Lane,Lobster - Live,5,973.29
National Stores,Ljungskile,60899 Westport Way,"Wine - Magnotta - Red, Baco",7,1574.68
Kmart,Ernestinovo,70933 Heffernan Street,Foil - 4oz Custard Cup,8,1867.37
Marshalls,Yu’erhong,4 Crownhardt Crossing,Ginger - Crystalized,3,1300.13
Ben Franklin,Barreiro,462 Sunbrook Drive,Eggwhite Frozen,6,2345.03
Costco,Tomdibuloq,99 Evergreen Parkway,Spice - Chili Powder Mexican,3,550.27
Dollar General,Massenya,769 Meadow Ridge Junction,Sword Pick Asst,9,2624.04
Renys,Yuanba,3 Upham Park,"Tarragon - Primerba, Paste",1,3405.86
Burlington Coat Factory,Leipzig,727 Goodland Center,Butcher Twine 4r,2,2143.27
Gordmans,Fengli,73345 Briar Crest Point,"Wine - White, Riesling, Semi - Dry",2,1253.92
Kmart,Ordem,4 Derek Alley,Bread Base - Italian,12,301.69
Target,Mitzpe Ramon,0 Lakeland Junction,Peas - Frozen,3,1704.57
Costco,Myski,50689 La Follette Alley,Tart - Lemon,10,1542.55
Fred Meyer,Boca de Uchire,8407 Manitowish Alley,Coffee - Irish Cream,7,3674.29
Walmart,Kiel,1830 Forest Dale Parkway,Kumquat,5,3162.73
T.J. Maxx,Susaki,2613 Shoshone Drive,Flower - Commercial Bronze,1,343.32
Kmart,Hamburg,36 Brickson Park Hill,Strawberries - California,4,3381.54
Gabe's,Jalālpur Pīrwāla,09471 1st Circle,Wine - Magnotta - Cab Franc,5,1410.94
Five Below,Singkir,23 Doe Crossing Center,Foam Tray S2,2,2512.06
Gabe's,Bor Ondor,6 Chinook Alley,"Pork - Loin, Center Cut",12,2603.19
HomeSense,Batagay-Alyta,589 Norway Maple Park,Bread - Granary Small Pull,7,202.0
Gabe's,Plyussa,175 Melby Terrace,Five Alive Citrus,3,104.63
Dd's Discounts,København,87927 Riverside Parkway,Horseradish - Prepared,6,2533.68
Walmart,Baijiang,881 Eagan Way,Island Oasis - Ice Cream Mix,3,1400.19
T.J. Maxx,Bacong,31187 Maywood Trail,Veal - Bones,11,188.62
Renys,Kotabaru,93957 Kim Avenue,"Crab - Claws, Snow 16 - 24",2,2003.7
Five Below,Hønefoss,9 Harbort Alley,Gatorade - Lemon Lime,5,2563.31
Burlington Coat Factory,Magisterial,15 Pawling Alley,"Jam - Raspberry,jar",12,399.57
Fred Meyer,Nizhneivkino,31 Mcguire Road,Lettuce - Curly Endive,9,217.19
National Stores,Adare,73 Mcbride Way,"Quail - Whole, Boneless",4,2150.31
Ben Franklin,Yan Nawa,946 Waywood Pass,Ecolab Crystal Fusion,7,166.32
Marshalls,Klumbu,59345 Dryden Court,Shopper Bag - S - 4,9,984.46
BJ's Wholesale Club,Maonon,9616 6th Circle,Muffin - Bran Ind Wrpd,4,350.8
Gabe's,Krajansumbermujur,02 Rieder Road,"Sauce - White, Mix",9,3290.11
Fred Meyer,Göteborg,5804 Summit Lane,Marjoram - Fresh,1,978.6
Fred Meyer,Miskolc,019 Utah Pass,Hog / Sausage Casing - Pork,2,2839.41
Harbor Freight Tools,Kakhovka,59902 Fisk Road,Kaffir Lime Leaves,11,3094.09
Ross Stores,Tokushima-shi,98 American Alley,Beef - Kobe Striploin,11,2044.38
Dollar Tree,Raduzhnyy,88 Almo Junction,Wheat - Soft Kernal Of Wheat,3,1676.53
Ben Franklin,Mealhada,1879 Aberg Drive,Soap - Pine Sol Floor Cleaner,8,1651.77
Kmart,Krajan Tanjungrejo,9 Melby Crossing,Scallops - Live In Shell,6,3228.85
Meijer,‘Afrīn,3647 Hermina Road,Rum - Mount Gay Eclipes,12,2128.82
Burlington Coat Factory,Cungking,17985 Anderson Terrace,"Oregano - Dry, Rubbed",7,247.38
Ocean State Job Lot,Sigay,05 Atwood Drive,Cake - Night And Day Choclate,10,2977.56
Ollie's Bargain Outlet,Łobez,15 Mesta Alley,Tomatoes,2,3073.36
BJ's Wholesale Club,Białaczów,95130 Columbus Terrace,White Baguette,8,1634.94
Fred's,Portela,8 Lunder Terrace,Vaccum Bag - 14x20,5,152.57
HomeSense,Morohongō,8072 Aberg Alley,Vinegar - Raspberry,1,1183.05
National Stores,Yugawara,2183 Paget Terrace,Longos - Chicken Caeser Salad,12,3067.07
HomeSense,La Mula,1 Del Mar Way,"Jam - Strawberry, 20 Ml Jar",6,3683.69
Burlington Coat Factory,Timpas,2 Roth Park,Wine - Merlot Vina Carmen,8,2445.59
Five Below,Vacov,795 Sloan Avenue,"Oil - Olive, Extra Virgin",3,3700.73
HomeGoods,Baizhu,49989 Lerdahl Center,Table Cloth 90x90 Colour,10,157.03
Stein Mart,Stockholm,7774 Eliot Junction,Cabbage - Green,8,3485.17
Burlington Coat Factory,Purong,2 Oak Circle,Oil - Margarine,3,3624.68
Fred's,Jince,2399 Artisan Junction,Glass Clear 7 Oz Xl,8,572.12
Shopko,Eaubonne,060 Merry Pass,Oil - Safflower,10,3548.76
Family Dollar,Antioquia,74 Aberg Trail,Wine - Domaine Boyar Royal,10,432.04
Dollar General,Turochak,28505 Farragut Way,Pimento - Canned,7,319.33
T.J. Maxx,Río Tercero,36 Main Pass,Sauce - Sesame Thai Dressing,11,3556.53
Stein Mart,Stockholm,0966 Mayfield Street,Jerusalem Artichoke,12,3308.93
T.J. Maxx,Rathwire,7480 Main Drive,Eggplant Oriental,6,481.04
Dd's Discounts,Zheleznogorsk,9609 Menomonie Lane,Versatainer Nc - 888,6,3762.93
Costco,Qui Nhon,7 Arapahoe Court,Juice - Orangina,11,3715.74
Gabe's,Qianjin,71705 Brown Alley,External Supplier,8,3716.68
Dollar General,Sambong,79768 Hudson Terrace,Pan Grease,9,2242.87
Burlington Coat Factory,Shashemenē,3 Hayes Court,Onions Granulated,9,2689.38
Gabe's,Kingston,9270 2nd Way,Beets - Pickled,12,3866.26
Ben Franklin,Dayeuhluhur,9449 Mallory Street,Glass Clear 8 Oz,12,2939.88
Ollie's Bargain Outlet,Muang Pakxan,22711 Shelley Park,Beer - Maudite,3,2860.04
Ross Stores,Saskatoon,36 Little Fleur Lane,Cleaner - Comet,6,924.88
Roses,Muang Sam Sip,63 Briar Crest Drive,Goldschalger,1,3999.06
Target,Banatski Despotovac,25 Toban Road,Olives - Stuffed,3,315.99
Tuesday Morning,Lordelo,66727 Dixon Street,Bouillion - Fish,9,2220.83
Shopko,Batojaran,0 Hallows Hill,Wine - Cousino Macul Antiguas,2,3674.94
Ben Franklin,Yanzhao,633 Arrowood Way,Rosemary - Fresh,10,1667.63
Shopko,Pefkochóri,24 Oak Valley Alley,Brandy Apricot,1,1012.8
HomeGoods,Tayginka,32 Bluestem Park,Thyme - Fresh,8,1471.37
Stein Mart,Shimen,8402 Luster Parkway,Shrimp - Black Tiger 26/30,3,309.23
Gabe's,Uritsk,799 Johnson Crossing,Longos - Burritos,1,1418.36
Gabe's,Šluknov,35426 Armistice Point,Beef - Tenderloin Tails,6,2013.34
Ross Stores,Białośliwie,277 Loftsgordon Plaza,Honey - Liquid,5,998.18
Ollie's Bargain Outlet,Jiangpan,8753 Autumn Leaf Circle,"Juice - Apple, 1.36l",4,607.19
BJ's Wholesale Club,Paitan Este,6 Green Junction,Plasticspoonblack,6,2286.73
Ollie's Bargain Outlet,Otun,7 Merchant Way,Ecolab - Hobart Upr Prewash Arm,2,387.8
Ollie's Bargain Outlet,Partizan,038 Hovde Junction,Cheese Cloth,12,2446.84
Ollie's Bargain Outlet,Angoulême,0 Truax Crossing,Wooden Mop Handle,1,338.88
Bargain Hunt,Sośnie,28 Dennis Pass,Herb Du Provence - Primerba,12,2421.82
Dollar Tree,Melikkrajan,1 Fordem Way,Asparagus - Frozen,10,524.83
Harbor Freight Tools,Oklahoma City,4310 Hollow Ridge Street,Cotton Wet Mop 16 Oz,5,426.47
HomeSense,Póvoa,2 Calypso Park,Momiji Oroshi Chili Sauce,9,3185.03
Fred's,Sapotskin,710 Summerview Parkway,Beer - Creemore,8,573.83
Meijer,Itapema,41 Scott Parkway,Table Cloth 62x114 White,10,3356.86
Marshalls,Mulan,6965 School Point,Sugar - Icing,9,3190.86
Fred's,Qingjiang,05547 Mendota Plaza,Sausage - Andouille,5,3084.08
BJ's Wholesale Club,Longping,8 Redwing Way,Wine - Riesling Dr. Pauly,3,2802.76
Harbor Freight Tools,Karlstad,75 Haas Trail,Bread - Rye,10,3993.84
Ross Stores,Anambongan,22 Barby Point,Venison - Striploin,1,2314.69
T.J. Maxx,Tōgane,7908 Lukken Hill,Wine - Shiraz Wolf Blass Premium,8,1391.38
Ben Franklin,El Bolsón,22 Mariners Cove Crossing,Veal - Heart,9,540.51
Walmart,Chornobay,51591 Morning Trail,Emulsifier,7,1674.56
Marshalls,Sousse,3516 Bay Pass,Salami - Genova,11,2661.7
Fred's,Kagay,0055 Annamark Terrace,Raspberries - Fresh,12,858.66
Harbor Freight Tools,Susapaya,863 Rockefeller Park,Flavouring - Orange,12,3084.99
Ocean State Job Lot,Petrovskoye,208 Barnett Junction,Salmon - Fillets,2,3553.85
Renys,Aveiras de Cima,10134 Luster Park,Lotus Leaves,10,1953.19
Dd's Discounts,Yonghe,4309 Grayhawk Park,Cheese - Marble,7,3612.63
Gordmans,Bryansk,313 Transport Court,Red Currants,8,1316.51
Ben Franklin,Pyhäselkä,12 Northwestern Court,Pepper - Cubanelle,1,2929.42
Walmart,Matriz de Camaragibe,2 Texas Lane,Melon - Honey Dew,3,811.49
Family Dollar,Feilaixia,91558 Dawn Parkway,Lemonade - Pineapple Passion,7,522.54
National Stores,Ngunguru,5787 Dexter Hill,Carrots - Jumbo,12,505.72
Dollar Tree,Pokrov,5193 Moland Hill,Arizona - Green Tea,2,2116.87
Meijer,Krajan,26030 Green Lane,Spic And Span All Purpose,3,1349.26
Walmart,Ágios Vasíleios,47909 John Wall Avenue,Steamers White,2,2103.71
Fred's,Pavlovskaya,7 Moland Avenue,"Yogurt - Cherry, 175 Gr",4,1474.72
Roses,Benito Juarez,4891 School Trail,Crackers - Soda / Saltins,10,793.75
Costco,Donnacona,3 Arapahoe Avenue,Sauce - Fish 25 Ozf Bottle,11,912.07
Stein Mart,Richibucto,545 Division Point,Cream - 10%,3,895.09
Costco,Brumadinho,24 Florence Terrace,"Beef - Bones, Marrow",12,3746.53
Ross Stores,Yunguyo,4193 Clove Crossing,Cotton Wet Mop 16 Oz,12,1096.59
Ben Franklin,Akita,88 Sunfield Trail,Pork - Smoked Back Bacon,7,3698.24
Ben Franklin,Kyperoúnta,0 Bartelt Point,Wine - Montecillo Rioja Crianza,2,1148.24
Gabe's,Krabi,10155 Mifflin Center,Cream - 35%,8,1418.15
Harbor Freight Tools,San Antonio Oeste,7356 South Drive,Cardamon Seed / Pod,8,1279.72
T.J. Maxx,Rozwadza,0 North Place,Chutney Sauce,1,2721.29
T.J. Maxx,Huiyuan,9152 Fremont Alley,"Squash - Pattypan, Yellow",12,297.48
Dollar Tree,Fika,586 Ruskin Park,"Pork - Back, Long Cut, Boneless",6,3501.78
Family Dollar,Ćićevac,9773 Glacier Hill Terrace,Ice Cream - Fudge Bars,11,2513.57
Fred's,Shilibu,04 Sheridan Street,"Pepper - Green, Chili",11,1832.2
Walmart,Dinan,25 Corscot Road,Chivas Regal - 12 Year Old,10,924.4
Family Dollar,Hato Mayor del Rey,4 South Road,Gingerale - Diet - Schweppes,5,1713.76
Five Below,Kaniv,1 Barby Way,Onions - Cooking,8,1626.52
HomeGoods,Batakte,542 Browning Place,Wine - Chateau Aqueria Tavel,6,2531.51
Roses,Shuanggang,11 Bellgrove Junction,"Yogurt - Banana, 175 Gr",10,2593.68
Dollar General,Macapá,9680 Ronald Regan Hill,Dried Figs,8,2461.42
Target,Mengcheng Chengguanzhen,5 Armistice Hill,Lamb Leg - Bone - In Nz,2,2043.16
Dollar General,Kulia Village,56 Trailsway Place,Lettuce - Baby Salad Greens,5,505.33
Kmart,Bardo,608 Pennsylvania Crossing,Cheese - Mozzarella,9,1893.01
Ollie's Bargain Outlet,Liang,75 Rieder Avenue,Bagel - Sesame Seed Presliced,7,2891.2
Family Dollar,Kórnik,0 Spenser Road,"Lemonade - Black Cherry, 591 Ml",2,686.73
Fred Meyer,Maoping,23 Beilfuss Street,Coffee Cup 16oz Foam,2,3259.25
Family Dollar,La Plata,0 Bartillon Pass,"Juice - Clamato, 341 Ml",7,3577.63
Meijer,Jubung,31 Upham Park,Bread - Multigrain,10,2843.3
Walmart,Gielniów,1062 Brickson Park Pass,Beer - Mill St Organic,7,2792.84
HomeSense,Baishi,47 Garrison Drive,Olives - Kalamata,10,3537.66
Dollar General,Freiburg im Breisgau,560 Sunbrook Place,"Lamb - Loin, Trimmed, Boneless",7,1554.62
Ben Franklin,Haveliān,6634 6th Street,Oil - Avocado,10,2321.52
Walmart,Ibaraki,53066 Sycamore Pass,"Cake Circle, Foil, Scallop",12,805.87
Burlington Coat Factory,Smederevo,12 Jana Point,Table Cloth 54x72 Colour,2,3841.52
Bi-Mart,Kasimov,5 Merrick Way,Pepper - Chili Powder,8,2865.93
Costco,Newton,3 South Park,Beans - French,1,556.37
Burlington Coat Factory,Youkounkoun,76 Golden Leaf Trail,Guava,9,2962.59
Kmart,La Seyne-sur-Mer,6877 Hooker Hill,Curry Powder,1,2248.16
Ben Franklin,Citampian,88110 Walton Street,Wine - Montecillo Rioja Crianza,1,2771.73
Gordmans,Outeiro Seco,521 Pierstorff Pass,Rice - Aborio,2,1008.1
Shopko,Altos,7537 Maywood Place,"Potatoes - Instant, Mashed",7,2034.88
Kmart,La Libertad,6423 Vahlen Court,"Lamb - Whole Head Off,nz",3,3366.38
Marshalls,Cimara,4633 Marquette Way,Bacardi Limon,9,1952.06
Dollar General,Jindui,01 Brickson Park Center,Devonshire Cream,11,3931.55
Dollar General,Granada,21952 Hagan Alley,Country Roll,1,906.21
Ocean State Job Lot,Serov,8 Westerfield Hill,"Coke - Classic, 355 Ml",11,151.16
Fred's,Heichengzi,211 Hovde Terrace,Sauce - Hp,6,2439.71
National Stores,Caobi,4 Fallview Trail,Table Cloth 144x90 White,10,3859.06
T.J. Maxx,Lyubim,9 Morningstar Crossing,Eggplant Oriental,8,2327.65
Walmart,Älvsjö,7 Mayfield Crossing,Lettuce - Boston Bib - Organic,6,1758.94
Five Below,Tonantins,496 Heffernan Park,Black Currants,5,3168.49
Marshalls,Lingion,3 Trailsway Trail,Wine - Fume Blanc Fetzer,11,3289.56
Ross Stores,Itacurubí del Rosario,8 Roxbury Parkway,Mustard - Seed,7,2233.5
Kmart,Santa Marta de Penaguião,8 Burrows Circle,"Stock - Chicken, White",5,620.6
Roses,Shiraoi,00 Clemons Street,"Quail - Whole, Bone - In",4,1961.69
Ben Franklin,Viseu,693 Shasta Center,"Placemat - Scallop, White",12,2240.95
Gordmans,Xinshui,2474 Upham Plaza,Remy Red Berry Infusion,1,2340.15
Dollar General,Sucre,590 Cottonwood Park,Eggroll,9,1373.22
Ben Franklin,Pailles,66509 Porter Hill,Beans - Green,1,638.59
Gabe's,Yisa,23 American Circle,Bagel - Sesame Seed Presliced,10,3321.88
Dollar Tree,Mopti,52658 Doe Crossing Crossing,Lamb - Sausage Casings,5,3851.12
Kmart,Lokot’,6742 Lillian Center,Clams - Canned,5,863.56
Walmart,Meiqi,329 Blackbird Crossing,Vector Energy Bar,2,955.43
Bargain Hunt,Ciudad Nueva,51 Twin Pines Point,Chutney Sauce,7,3260.24
Shopko,Bantengan,8710 Lillian Point,Crackers - Water,8,503.52
Kmart,Puerto Quellón,070 Thierer Alley,Gherkin,8,276.89
T.J. Maxx,Jianggu,69567 Loomis Plaza,"Nut - Hazelnut, Ground, Natural",3,3654.65
Dd's Discounts,Doloplazy,4763 Northport Center,Flower - Leather Leaf Fern,10,2178.46
Ross Stores,Joroan,591 Continental Drive,Onion Powder,3,803.01
Gordmans,Marston,4 Elka Street,"Turkey - Breast, Double",3,726.93
Five Below,Červená Voda,8 Boyd Court,Flour - Semolina,2,2993.2
Ollie's Bargain Outlet,København,25 Scoville Crossing,"Bread - Roll, Canadian Dinner",8,1233.75
Costco,Cerinza,10025 Kenwood Park,"Pail - 4l White, With Handle",12,2715.37
Gabe's,Ribas,6 Glendale Terrace,Breadfruit,5,2432.37
Gordmans,Magdeburg,6339 Village Green Street,Tomato Paste,1,2836.84
Family Dollar,Covão,476 Sauthoff Park,Cumin - Ground,10,2345.4
Ben Franklin,Haiyu,743 Continental Terrace,"Juice - Grape, White",3,1234.11
Burlington Coat Factory,Bergen op Zoom,7 Mallard Pass,Pastry - Chocolate Chip Muffin,6,3900.19
Walmart,Purac,7140 Springview Pass,Lettuce - Belgian Endive,9,3877.33
Harbor Freight Tools,Victoria,79408 Grover Drive,Five Alive Citrus,10,2271.07
Meijer,Skoczów,74 Dryden Trail,Vol Au Vents,10,738.41
Bargain Hunt,Sendai,2183 Ryan Avenue,"Wine - White, Ej",11,1675.72
Renys,Abades,6814 Corscot Park,Soup - Tomato Mush. Florentine,5,3601.71
Roses,Bulnes,1 Drewry Crossing,Sambuca Cream,10,2983.67
Ben Franklin,Madalena do Mar,51695 Northland Court,"Veal - Chops, Split, Frenched",12,215.31
Renys,Curridabat,304 Charing Cross Park,Vinegar - Cider,2,1417.7
Dollar Tree,Consuelo,6 Portage Lane,Daikon Radish,10,3192.08
Walmart,Bích Động,0855 Eagan Lane,Ginger - Ground,8,1147.05
Renys,Jalālābād,93 Meadow Ridge Lane,Squid - U - 10 Thailand,5,607.17
Bargain Hunt,Fresnes,48292 Stoughton Avenue,Wine - Baron De Rothschild,11,3720.26
Shopko,Macha,704 Garrison Road,Samosa - Veg,4,645.25
Dollar Tree,Mushu,4 Kedzie Parkway,"Orange - Canned, Mandarin",4,1136.29
BJ's Wholesale Club,Petro-Slavyanka,98 Monterey Drive,Pastry - Choclate Baked,3,32.8
Ben Franklin,Hafrsfjord,2 Summit Terrace,Parsley Italian - Fresh,1,1431.95
Fred's,‘Amd,551 Nancy Way,Bacardi Raspberry,1,2214.61
T.J. Maxx,Kemil,1 Schmedeman Crossing,"Cheese - Cheddar, Old White",2,249.67
Five Below,Cẩm Phả Mines,59 Westridge Hill,Towel Dispenser,5,2538.77
Tuesday Morning,Boljoon,6 Comanche Place,Beer - Creemore,9,1393.9
Bargain Hunt,San Antonio,197 Mayer Avenue,Spice - Paprika,5,1317.38
Renys,Pochep,173 Riverside Pass,"Tendrils - Baby Pea, Organic",6,49.18
Tuesday Morning,Itagüí,5 Cottonwood Crossing,"Iced Tea - Lemon, 460 Ml",9,1195.15
Gabe's,Pinggang,36 Homewood Trail,Oil - Grapeseed Oil,5,3301.46
HomeSense,Saint-Lô,057 Vernon Plaza,Lambcasing,4,597.13
Ocean State Job Lot,Barreiras,2 Iowa Avenue,Eggplant Italian,6,721.68
HomeGoods,Visby,10883 West Way,Tea - Green,3,1741.73
Dollar General,Táriba,3798 Homewood Park,Potatoes - Mini Red,7,3274.37
Ocean State Job Lot,Telpaneca,76237 Lien Center,Wine - Dubouef Macon - Villages,6,3353.29
Dd's Discounts,Jincheng,548 Jana Terrace,Ginger - Fresh,10,1131.93
Ocean State Job Lot,Kauran,0 Cambridge Trail,"Trout - Rainbow, Frozen",3,3367.85
Ben Franklin,Kostyantynivka,05700 Eagle Crest Circle,Wine - Riesling Dr. Pauly,12,466.92
Fred Meyer,Helie,51 Springview Plaza,Oil - Olive Bertolli,12,2249.14
Roses,Comillas Norte,05870 Hintze Circle,Banana - Green,8,2004.21
Family Dollar,Akráta,7535 Dawn Road,"Halibut - Whole, Fresh",1,1346.63
Ollie's Bargain Outlet,Soacha,81 Petterle Trail,Ham - Procutinni,4,2047.21
Dollar Tree,Vardablur,7311 Southridge Avenue,Beer - Pilsner Urquell,12,2426.37
National Stores,Mozi,4 Dixon Junction,Bag - Regular Kraft 20 Lb,11,2743.43
Dd's Discounts,Qesarya,67754 Fallview Junction,Lamb - Rack,10,1326.25
Burlington Coat Factory,Yantian,1 Alpine Avenue,Cup - 8oz Coffee Perforated,10,2078.1
Target,El Refugio,1737 Hudson Hill,Mushroom - Crimini,9,3638.8
Ross Stores,Taganskiy,82744 Bonner Terrace,Wine - Balbach Riverside,4,882.71
Renys,San Rafael,34927 Algoma Point,French Kiss Vanilla,12,3599.34
Marshalls,Fareydūnshahr,26230 Nova Hill,Tea - Vanilla Chai,3,57.39
Meijer,Albania,0969 Menomonie Drive,"Beef - Outside, Round",8,3304.39
Ross Stores,Cochabamba,900 Johnson Terrace,Milk - Buttermilk,2,1764.79
Tuesday Morning,Kingersheim,7 Westend Circle,Dasheen,1,1305.79
Meijer,Saint-Brieuc,9327 Eastwood Avenue,Chef Hat 25cm,10,1167.7
Family Dollar,Ngkiong,2 Clyde Gallagher Street,Daves Island Stinger,4,2100.98
Roses,Sokol,88 Stephen Terrace,Compound - Pear,2,3180.09
Fred Meyer,Kawaguchi,60 Magdeline Plaza,Momiji Oroshi Chili Sauce,7,3705.96
Meijer,Uvarovo,6 Dwight Way,Compound - Raspberry,6,1761.43
Ross Stores,Xibali,95 Mccormick Center,"Nut - Almond, Blanched, Ground",9,3366.71
National Stores,Jinshanwei,9 Spaight Road,Blackberries,12,1920.45
Walmart,Purwojoyo,985 West Road,Puree - Strawberry,5,3191.61
Renys,Émpa,59 8th Lane,Gloves - Goldtouch Disposable,9,2554.05
Ocean State Job Lot,Huaniao,67664 Atwood Court,"Lamb - Whole, Frozen",6,888.88
T.J. Maxx,Ciego de Ávila,6 Stang Circle,Canada Dry,10,1239.92
Marshalls,Vårby,2076 Esch Avenue,Tumeric,6,2290.61
Walmart,Gorey,4 Anniversary Plaza,Lotus Rootlets - Canned,3,371.86
Bargain Hunt,Liuhe,46 Myrtle Pass,"Turkey - Breast, Double",7,1949.45
Five Below,Roberval,0 Fairview Junction,Fruit Salad Deluxe,2,452.15
HomeSense,Dongdong,994 Monument Junction,Wine - Ej Gallo Sierra Valley,1,1258.38
Meijer,Medaya,058 Fairfield Place,Fond - Neutral,5,2416.72
Shopko,Zhuangke,6 Summit Avenue,Veal - Kidney,1,2137.7
Kmart,Benoni,8 Hoard Point,"Beets - Candy Cane, Organic",6,814.66
Five Below,Limulan,680 Ramsey Road,Appetizer - Tarragon Chicken,3,3624.05
Family Dollar,Makiwalo,81 Corscot Avenue,Garbage Bags - Black,12,1882.97
Ocean State Job Lot,Herzliya Pituah,5 Pankratz Way,Horseradish Root,12,3303.49
HomeGoods,Nanhe,38 Leroy Park,Beef Ground Medium,11,206.26
Five Below,Tanzybey,55 Hoepker Road,Water - Spring 1.5lit,5,1230.08
Marshalls,Huangqiang,84326 Texas Parkway,Cumin - Whole,7,572.87
Marshalls,Caridade,53 Mitchell Way,Compound - Passion Fruit,6,2869.1
Renys,Ros’,7484 Valley Edge Way,"Pepper - Green, Chili",2,2253.37
Stein Mart,Muromtsevo,8946 Crescent Oaks Center,Soup - Campbells - Tomato,3,110.89
Dollar Tree,Rajsko,70523 Dixon Parkway,Crab - Soft Shell,6,3671.22
Marshalls,Kobylí,47963 Bartelt Point,Wine - Red Oakridge Merlot,5,2367.02
Ross Stores,Matamey,70990 Oxford Crossing,Pepper - Pablano,10,933.02
Ollie's Bargain Outlet,Jāwā,818 Farwell Trail,Yams,12,550.05
HomeSense,Santa Catarina Ixtahuacán,4489 Heath Alley,"Crab - Back Fin Meat, Canned",6,3655.81
Big Lots,Vin’kivtsi,0462 Iowa Lane,Beer - Paulaner Hefeweisse,5,3775.37
Harbor Freight Tools,Bibai,632 Petterle Junction,Chicken - Soup Base,10,1905.3
Ben Franklin,Brooklyn,997 Dunning Way,Poppy Seed,7,438.28
Ross Stores,Beiwucha,38 Lakewood Gardens Hill,Table Cloth 90x90 Colour,1,113.14
Big Lots,Moshenskoye,351 Pawling Hill,Pork - Backfat,12,3279.76
Gordmans,Lasiana,5169 Waywood Court,"Squash - Pattypan, Yellow",3,441.52
Stein Mart,Caen,63 Marcy Crossing,"Beef - Baby, Liver",12,118.44
Gordmans,Gaotuo,2386 Raven Junction,Roe - White Fish,11,137.1
Harbor Freight Tools,Jianping,83 Melrose Terrace,Cheese - Sheep Milk,7,571.32
Meijer,Omsk,51152 Independence Alley,"Sauce - White, Mix",1,1727.51
Costco,Jenzan,4 Gale Drive,Praline Paste,3,600.51
Fred's,Onsala,62920 Kings Lane,Wine - Zinfandel Rosenblum,4,2703.11
Five Below,Mount Frere,0 Starling Pass,Muffin Carrot - Individual,5,392.74
Family Dollar,Sindangbarang,04830 Sloan Way,Coffe Crisp Chocolate Bar,5,3807.29
Costco,Ngeru,27 Menomonie Hill,Cleaner - Bleach,4,308.86
Renys,Sandviken,678 Evergreen Lane,Cheese - Comte,12,3013.09
T.J. Maxx,San Felipe,0385 Rockefeller Plaza,Fruit Mix - Light,9,952.96
Five Below,Tilburg,10759 Homewood Avenue,"Pasta - Gnocchi, Potato",6,1926.88
Ollie's Bargain Outlet,Krian,730 Buell Way,"Veal - Tenderloin, Untrimmed",10,3389.28
Burlington Coat Factory,Mount Pearl,14 Lotheville Avenue,Pie Filling - Pumpkin,12,3809.31
Ben Franklin,Petrolera,8435 Tony Place,Sorrel - Fresh,7,3971.24
Ocean State Job Lot,Antrukan,35 Division Park,Eggplant - Baby,3,1629.94
Ollie's Bargain Outlet,Qiting,84871 Union Crossing,Pork - Side Ribs,9,1638.33
Ross Stores,Kabanga,686 Swallow Terrace,Wine - Marlbourough Sauv Blanc,10,2638.57
Walmart,Columbus,81058 Goodland Place,Pepper - Sorrano,2,1999.61
Gabe's,Yangqiaodian,32 Dunning Circle,Liners - Baking Cups,6,782.28
Bi-Mart,Tarogong,29216 Fisk Place,Coffee - French Vanilla Frothy,1,2975.04
Costco,Lachowice,80622 Center Drive,"Water - Mineral, Carbonated",2,3088.5
National Stores,Banraeaba Village,96 Marquette Court,Cup Translucent 9 Oz,12,2902.99
Burlington Coat Factory,Kamensk-Shakhtinskiy,6172 Pennsylvania Park,Mini - Vol Au Vents,3,1716.73
Ben Franklin,L-Iklin,34790 Menomonie Place,Raspberries - Fresh,11,1445.52
Tuesday Morning,Wonokerto,3332 Oxford Park,Parsley - Dried,4,3023.37
Big Lots,Srono,7756 Bay Street,"Cake Circle, Paprus",10,217.01
T.J. Maxx,Klimontów,3 Hollow Ridge Court,"Sauce - Gravy, Au Jus, Mix",6,3531.64
Shopko,Mosteiros,49 Mockingbird Drive,Juice - Orangina,7,1923.64
Costco,Seshcha,747 Basil Pass,Chinese Foods - Plain Fried Rice,1,2984.75
HomeSense,Slovenske Konjice,8 Nobel Avenue,Mangoes,5,3150.27
Kmart,Manjacaze,65 Daystar Court,Smoked Paprika,9,3173.74
Burlington Coat Factory,Qarshi,04 Superior Junction,Cookies - Assorted,4,2796.2
Dd's Discounts,Amaigbo,68 Tennyson Place,Vanilla Beans,12,1355.38
Ben Franklin,Karinë,90992 Forest Drive,Jack Daniels,1,1904.85
Harbor Freight Tools,Wang Sombun,61 Corscot Alley,Cocoa Powder - Natural,12,1976.32
Gabe's,San Andrés,4 Debra Court,Appetizer - Mango Chevre,1,975.48
Fred's,Yunmen,3 Laurel Terrace,"Veal - Inside Round / Top, Lean",9,908.56
Dd's Discounts,Jamaica,256 Vera Terrace,Island Oasis - Lemonade,9,229.84
HomeSense,Rancagua,78595 Southridge Drive,Kumquat,2,2450.21
Shopko,Yamoussoukro,915 Crowley Circle,Smoked Paprika,12,2266.77
HomeGoods,Javorník,68 Hoffman Park,"Doilies - 12, Paper",12,102.06
Fred's,Beixiaoying,57 Gerald Street,Shopper Bag - S - 4,11,3772.57
Bargain Hunt,Sattahip,1642 Mccormick Trail,"Sugar - Sweet N Low, Individual",6,3623.47
Marshalls,Podu,5 Moulton Junction,Shiratamako - Rice Flour,12,3031.33
Tuesday Morning,Pailles,326 Waubesa Alley,Wine - Tio Pepe Sherry Fino,8,3541.45
Big Lots,Miura,2282 Waxwing Point,"Chicken - Thigh, Bone In",8,150.21
Bi-Mart,Novogireyevo,718 Merchant Center,Wine - Wyndham Estate Bin 777,12,67.03
Burlington Coat Factory,Balrothery,23 Novick Crossing,Muffin Orange Individual,6,3987.42
Dollar Tree,San Bernardo,6 Commercial Trail,Vol Au Vents,12,2258.7
Roses,‘Anīn,96 Gateway Parkway,Ice Cream - Strawberry,11,3273.66
Dd's Discounts,Międzyrzecz,8613 Arapahoe Terrace,"Appetizer - Mini Egg Roll, Shrimp",3,2116.83
Walmart,Lis,0 Cambridge Court,Chicken - Wieners,4,1667.53
Ben Franklin,Ndano,24 Burning Wood Point,Breadfruit,8,988.23
Bargain Hunt,Bahe,15 Harbort Road,Foam Dinner Plate,3,1739.46
Ocean State Job Lot,Jardín América,68 Di Loreto Park,Lobak,5,1196.3
Renys,Kochani,6 Stone Corner Street,Sauce - Salsa,6,3339.48
Costco,Kuanchuan,75 Waxwing Plaza,Nantucket Orange Juice,1,265.55
Renys,Donghe,9 Kingsford Terrace,Remy Red,9,810.43
Shopko,Warmare,64671 Hintze Center,Jameson Irish Whiskey,8,2666.73
Ollie's Bargain Outlet,Gendiwu,26 Sutherland Place,Sugar - White Packet,1,1780.87
Renys,Mŭynoq,3767 Lotheville Pass,Nut - Pumpkin Seeds,8,2544.0
Shopko,San Javier,4 Carioca Court,"Beans - Black Bean, Dry",1,1107.29
Family Dollar,Hastings,73 Jackson Street,Pork - Shoulder,8,2522.54
Costco,Hekinan,86 Lakeland Trail,"Soup - Campbells, Beef Barley",3,812.11
Five Below,Concepción,6 Bunker Hill Park,"Loaf Pan - 2 Lb, Foil",1,670.48
Gordmans,Bodzentyn,93903 Maple Parkway,Spice - Montreal Steak Spice,4,3832.85
Dollar General,Xihu,498 Marquette Point,Sherry - Dry,12,442.12
Tuesday Morning,Awsīm,0 Morningstar Street,Pie Shell - 5,1,832.49
Fred Meyer,Gongju,40 Transport Alley,"Cake Circle, Paprus",10,575.28
Fred's,Karakol,5712 Portage Junction,Oil - Olive,6,1037.99
Fred's,Yangqiao,45 Forest Run Circle,"Vodka - Lemon, Absolut",11,3500.87
Renys,Gaojian,4 Arizona Terrace,Bread - Italian Sesame Poly,1,2742.37
Dollar Tree,Bahay Pare,146 Dunning Avenue,Sole - Iqf,2,66.7
Kmart,Montego Bay,9153 Luster Lane,Cup Translucent 9 Oz,10,625.46
Shopko,Jianba,906 Melody Avenue,"Soup - Knorr, Classic Can. Chili",5,2606.6
Gordmans,Złotniki Kujawskie,7103 Truax Crossing,"Wine - Red, Mouton Cadet",2,3787.99
Dollar General,Pozuzo,09 Haas Drive,"Bread - Multigrain, Loaf",8,241.19
Costco,Penha,7 Starling Junction,Tuna - Sushi Grade,2,3822.6
Renys,Corralito,0540 6th Street,Truffle Paste,6,888.44
Dollar Tree,Mozzozzin Sur,927 Namekagon Center,"Pasta - Fettuccine, Dry",8,1649.64
Fred Meyer,Novorossiysk,4440 Melrose Junction,Clams - Canned,4,3271.94
Family Dollar,Gweru,32352 Pond Pass,Fireball Whisky,11,747.98
Fred Meyer,Yangxi,59550 Kim Park,Sugar - Icing,6,1005.37
Gabe's,Kakan,4 Village Center,Cheese - Brie,3,1156.05
Kmart,Sentieiras,96 Amoth Hill,Chicken Breast Halal,11,3821.63
Meijer,Praia da Tocha,1 Hovde Junction,Beef - Tenderloin Tails,11,2928.65
Family Dollar,Untolovo,55 Ohio Street,Eggroll,1,1425.83
Walmart,Sevan,92 Del Sol Alley,Duck - Legs,8,3226.89
HomeSense,Caherconlish,1857 Kennedy Alley,Oil - Margarine,10,441.27
Meijer,Ruteng,3375 Muir Street,Pasta - Agnolotti - Butternut,4,239.12
Stein Mart,Talitsa,88 Oxford Hill,Bols Melon Liqueur,4,932.12
Target,Wierzchowo,9 Randy Road,Cheese - Comtomme,12,1384.44
Dd's Discounts,Patos Fshat,6362 Eastwood Court,"Coconut - Shredded, Unsweet",11,1227.32
Bi-Mart,Kaoma,02135 Lake View Pass,Assorted Desserts,7,3632.13
Target,Jingning Chengguanzhen,831 Oxford Way,Muffin - Banana Nut Individual,4,2735.07
Roses,Umanday Centro,62 Park Meadow Point,"Pork - Sausage, Medium",12,3650.47
Stein Mart,Mingfeng,52504 Northwestern Court,Cabbage - Red,7,256.53
HomeGoods,Chinchero,29 7th Place,Fruit Mix - Light,1,1570.91
Harbor Freight Tools,Kallithéa,9404 Orin Circle,Bread - Pita,4,1742.16
Stein Mart,Wanglian,05 Upham Road,Mushroom Morel Fresh,1,1622.03
HomeGoods,Xilai,2188 Fieldstone Park,Five Alive Citrus,1,2072.1
Roses,Nueva Esperanza,01 Anhalt Point,Muffin - Banana Nut Individual,10,2719.18
Dollar General,Tak Bai,96 Dovetail Lane,Fenngreek Seed,8,3882.32
T.J. Maxx,Dayr Abū Ḑa‘īf,791 Corben Lane,Vanilla Beans,10,213.65
Marshalls,Zhongluotan,0925 Lerdahl Lane,"Veal - Tenderloin, Untrimmed",8,337.95
Ross Stores,Palayan City,2 Forest Dale Plaza,"Sparkling Wine - Rose, Freixenet",1,3361.32
Fred's,Nao,9667 Troy Plaza,Tuna - Salad Premix,9,786.76
Big Lots,Yushu,715 Debra Crossing,"Beans - Long, Chinese",2,1120.56
Walmart,Pāshmūl,3719 Moose Alley,Sunflower Seed Raw,1,1892.09
HomeSense,Bauru,09719 Canary Plaza,Napkin Colour,10,1297.97
Big Lots,Zaria,39 Crest Line Terrace,"Pasta - Lasagne, Fresh",8,1194.63
HomeSense,Świdwin,5 Fuller Center,"Pasta - Rotini, Colour, Dry",4,66.96
BJ's Wholesale Club,Bensonville,3659 Longview Drive,Cake Slab,11,1348.59
Fred's,Providencia,16386 Mayer Way,"Wine - White, Mosel Gold",7,3994.67
Walmart,Adelaide,369 Fairfield Pass,Wine - Carmenere Casillero Del,4,954.1
Ben Franklin,Quba,375 Elgar Parkway,Chocolate - Compound Coating,8,782.74
BJ's Wholesale Club,Perbaungan,6532 Barnett Way,Cake - Bande Of Fruit,8,895.38
HomeGoods,Buenos Aires,1809 Melrose Street,"Beef - Rib Roast, Capless",8,3872.21
Shopko,Passo Fundo,6 Reinke Point,Bread - Bistro White,2,137.74
Dd's Discounts,Bodø,26 Ryan Avenue,Raspberries - Frozen,2,3346.13
Roses,Veiga,22 Carberry Crossing,Cheese - Goat,9,1163.12
Dd's Discounts,New Haven,8011 Monterey Center,Tart - Pecan Butter Squares,10,3336.86
National Stores,Cahul,6 Old Gate Junction,Pectin,4,3424.06
Five Below,Heping,22 Bartillon Junction,Beef - Top Butt Aaa,3,3025.28
BJ's Wholesale Club,Sumberrejo,9474 Rutledge Junction,Swiss Chard - Red,8,491.44
Ross Stores,Gibsons,43642 Erie Trail,Scrubbie - Scotchbrite Hand Pad,10,2892.28
Tuesday Morning,Banyutengah,822 Vernon Point,Sauce - Vodka Blush,1,3687.22
HomeGoods,Irvine,0278 Manley Terrace,"Pasta - Linguini, Dry",6,12.93
Stein Mart,Västra Frölunda,3133 Farragut Center,Urban Zen Drinks,8,1968.77
National Stores,Fiães,1370 Scott Alley,Beef - Tenderloin Tails,12,3597.45
Gabe's,Baing,01619 Sunfield Street,"Oil - Olive, Extra Virgin",3,1247.51
Meijer,Skutskär,740 Blackbird Junction,Goulash Seasoning,4,3877.75
Five Below,Colombia,89458 Veith Center,"Syrup - Monin, Amaretta",4,2825.89
Dollar General,Corralillo,78 Towne Place,"Tart Shells - Sweet, 2",7,3895.52
Fred's,Longtanping,98132 Sugar Hill,Soho Lychee Liqueur,1,2621.51
Meijer,Poręba Spytkowska,4706 Dorton Hill,Cheese - Le Cheve Noir,12,3206.27
HomeGoods,Costa Sacate,09458 Dovetail Place,Bagel - Whole White Sesame,6,480.25
Dd's Discounts,Jega,442 Claremont Junction,Bread - Pumpernickel,5,3321.43
Gordmans,Borzna,0 Prairieview Point,"Chocolate - Milk, Callets",6,3062.96
Ollie's Bargain Outlet,Emiliano Zapata,8 Glendale Drive,Yoplait - Strawbrasp Peac,4,477.08
HomeGoods,Saint Petersburg,520 Grim Pass,Nut - Pumpkin Seeds,8,1003.87
Dollar Tree,Mazamet,1 American Ash Court,Muffin Puck Ww Carrot,9,1877.88
Shopko,Bistrica pri Tržiču,516 Village Crossing,Lettuce - Romaine,5,524.7
BJ's Wholesale Club,Melchor Ocampo,666 Hoffman Drive,Cheese - Ermite Bleu,12,318.16
Harbor Freight Tools,Vallentuna,2552 Cascade Drive,Breakfast Quesadillas,1,790.18
T.J. Maxx,Babao,040 Dexter Street,Kahlua,6,751.14
Ocean State Job Lot,Chengdong,1 Novick Parkway,Bread - Pain Au Liat X12,10,1734.78
HomeSense,Mendi,7 Rutledge Place,Wine - Bouchard La Vignee Pinot,8,133.85
Renys,Kaleybar,4 Swallow Junction,Juice - Lemon,1,1870.5
BJ's Wholesale Club,Sarapul,20859 Debra Point,"Wine - White, Colubia Cresh",10,1218.38
Stein Mart,Kaduluhur,09391 Vernon Terrace,Ecolab - Solid Fusion,10,1963.92
Ben Franklin,Oganlima,85959 Everett Lane,Mayonnaise,1,560.47
Fred Meyer,Paço,698 Anniversary Point,Sauce - Vodka Blush,6,1173.27
Shopko,Nîmes,67421 Village Junction,Wine - German Riesling,11,911.98
Meijer,Vendychany,3 Monica Way,Trueblue - Blueberry,7,3820.74
Tuesday Morning,Talā,0284 Kipling Terrace,Hand Towel,12,3084.19
Bi-Mart,Cihaur,5557 Tennessee Avenue,Lid Tray - 12in Dome,11,3188.01
Gabe's,Chekmagush,6398 Badeau Park,Water Chestnut - Canned,7,785.97
Tuesday Morning,La Eduvigis,9234 Schlimgen Circle,Container Clear 8 Oz,7,3341.69
Meijer,Xunzhai,873 Northwestern Crossing,Wine La Vielle Ferme Cote Du,4,1018.56
Dollar General,Turija,89 Ramsey Plaza,Sunflower Seed Raw,9,829.78
Bi-Mart,Pantang,0 Meadow Vale Hill,Tray - 12in Rnd Blk,3,3153.06
Burlington Coat Factory,Tulyushka,72331 Boyd Place,Sugar - White Packet,1,550.49
Target,Falkenberg,0431 Aberg Center,Wine - Savigny - Les - Beaune,3,90.25
HomeGoods,Bystra,6236 Delladonna Parkway,Sauce - Oyster,1,1999.87
Costco,Valencia,0157 Village Avenue,"Flour - Buckwheat, Dark",10,285.85
Burlington Coat Factory,Novoanninskiy,49 Donald Parkway,Wine - Stoneliegh Sauvignon,8,927.41
Meijer,Cheremnoye,34 Bayside Center,Island Oasis - Lemonade,7,3842.86
Walmart,Floreşti,71 Wayridge Point,Daves Island Stinger,4,3940.54
Ocean State Job Lot,Fanyang,5377 Burrows Hill,Glass Clear 7 Oz Xl,2,1254.53
Dd's Discounts,Uruçuca,66 Ilene Place,Melon - Cantaloupe,12,2362.32
Shopko,Huangjinbu,953 Cody Avenue,Cookie - Oatmeal,12,2137.04
T.J. Maxx,San Francisco,002 Karstens Crossing,Squash - Butternut,1,964.28
HomeGoods,Mtubatuba,162 Farragut Point,Pants Custom Dry Clean,10,3630.66
Dollar General,Mpulungu,78740 Waxwing Circle,"Beef - Tongue, Fresh",1,3030.54
Gordmans,Haibara,27 Norway Maple Terrace,Yukon Jack,2,1019.2
National Stores,Rio Piracicaba,18533 Harbort Road,Tequila - Sauza Silver,12,3073.14
Fred's,Pasirhuni,864 Ridgeway Pass,Tea - Grapefruit Green Tea,4,3129.78
Shopko,Purut,4 Mcbride Way,Pork - Ground,4,2711.71
Tuesday Morning,Kaulon,49 Darwin Pass,Table Cloth 62x120 Colour,7,3748.9
Harbor Freight Tools,Rzeczenica,901 Gale Parkway,Cheese - Grana Padano,4,488.98
Roses,Konëvo,54 Emmet Point,Sambuca - Opal Nera,3,1664.48
Renys,Paris 15,7183 Fairview Alley,Tart - Lemon,5,2638.82
Walmart,Sapataria,881 Lakewood Gardens Point,Soup - Campbells Chili Veg,9,1744.65
Ollie's Bargain Outlet,Growong Lor,35 Kinsman Crossing,Foil Wrap,7,1259.47
HomeGoods,Nueva Fuerza,70872 Northland Alley,Soup Campbells - Italian Wedding,5,3282.64
Tuesday Morning,Fukuechō,7 Meadow Vale Alley,Lettuce - Red Leaf,7,821.28
Burlington Coat Factory,Pitalito,3 Arapahoe Plaza,Cheese - St. Andre,8,648.9
Shopko,Baume-les-Dames,8 Fairfield Hill,Cheese - Cambozola,8,2327.55
Big Lots,Jianping,59492 Macpherson Center,Stainless Steel Cleaner Vision,4,1819.92
Ben Franklin,Bridgetown,05 Graceland Court,Longos - Chicken Caeser Salad,3,83.55
Dollar Tree,Lugovoy,12 Waubesa Park,Cloves - Ground,5,105.0
Meijer,Novonikol’sk,976 Rusk Junction,"Water, Tap",9,2175.6
Fred's,Bolinao,2 Buena Vista Drive,"Quail - Whole, Bone - In",12,1120.23
Family Dollar,Ząbkowice Śląskie,81 Milwaukee Street,Sherry - Dry,2,874.6
Stein Mart,Jinji,01 Mallory Drive,"Bread - Roll, Soft White Round",8,1304.68
Roses,Bilicenii Vechi,64 Hazelcrest Junction,Oil - Sunflower,11,2722.25
Ben Franklin,Na Klang,4653 Ludington Court,Chicken - Whole Roasting,7,1564.62
Gabe's,Loukísia,4104 Kings Drive,Steam Pan - Half Size Deep,10,1650.62
HomeSense,Pringgoboyo,8 Sommers Way,Galliano,11,2105.41
Meijer,Creighton,3776 Rigney Road,Rabbit - Whole,9,3659.79
Big Lots,Hŭngju-dong,4650 Linden Road,Rice - Aborio,3,1323.89
Dollar Tree,Artsvaberd,3867 Arapahoe Hill,The Pop Shoppe - Grape,4,2478.73
Burlington Coat Factory,Lille,974 Mallory Alley,Chips Potato Salt Vinegar 43g,1,3116.54
Dollar Tree,Shchukino,7 Fairfield Drive,Radish - Pickled,1,3956.37
Ross Stores,Samdrup Jongkhar,1891 Mallory Terrace,Rice - Long Grain,6,3542.26
HomeGoods,Agenebode,251 Mallard Trail,Sausage - Andouille,3,2109.27
Ben Franklin,Naifaru,30 Columbus Crossing,Mortadella,12,3815.15
HomeGoods,Longxi,504 Dorton Parkway,Kellogs Special K Cereal,6,807.13
National Stores,Golomunta,48605 Holmberg Park,Strawberries - California,7,376.79
Fred Meyer,Jevremovac,2 Butternut Pass,Pail With Metal Handle 16l White,12,3109.79
Harbor Freight Tools,Baolong,68238 Pierstorff Hill,Leeks - Large,5,2617.09
Shopko,Taraban Timur,008 Manley Pass,Trout Rainbow Whole,8,3813.85
Meijer,Carpenter,03754 Northport Park,Toothpick Frilled,7,3527.74
Fred's,Fencheng,2564 Buell Park,Onion - Dried,10,385.24
Marshalls,Monastir,05 Judy Terrace,Quail - Jumbo,8,425.58
T.J. Maxx,Rancabuaya,82 Warbler Circle,"Pork - Bacon, Sliced",12,3868.44
Five Below,Plumtree,3089 Porter Drive,Tomatoes - Cherry,3,740.86
Fred's,Lišov,06 High Crossing Street,"Beef - Baby, Liver",5,2812.87
HomeGoods,Paso de Indios,811 Rockefeller Avenue,Chicken - Soup Base,5,182.69
National Stores,Checacupe,0 Cambridge Drive,Rice Paper,12,2329.06
HomeSense,Cachoeiras de Macacu,52636 Roth Place,Soup - Chicken And Wild Rice,2,164.19
BJ's Wholesale Club,Baghlān,849 Upham Road,Rum - Mount Gay Eclipes,1,415.33
Shopko,Rakszawa,79 Bayside Point,Bread - Dark Rye,8,3872.53
Stein Mart,Palhoça,4 Rockefeller Point,Energy - Boo - Koo,4,583.03
BJ's Wholesale Club,Cincinnati,27 Manitowish Terrace,Beer - Labatt Blue,3,2877.66
Meijer,Xinji,117 Jay Lane,Sage - Rubbed,7,1823.43
Dollar Tree,Lyon,05 Schurz Circle,Wine - Chateauneuf Du Pape,6,465.2
National Stores,Oslo,5883 Mcbride Alley,"Veal - Tenderloin, Untrimmed",7,3345.08
Ben Franklin,Nanjie,04357 Eliot Terrace,Sprouts - Peppercress,3,2211.46
Shopko,Khust,84 Starling Junction,Lid - 16 Oz And 32 Oz,10,2607.47
National Stores,Wujing,208 Sachs Plaza,Bandage - Flexible Neon,9,1061.68
Ben Franklin,Haunubenak,580 Clove Avenue,The Pop Shoppe - Root Beer,8,3015.51
Marshalls,Tubigan,3 Glendale Point,Lettuce - Escarole,1,2973.47
Big Lots,Jiabei,1 La Follette Drive,"Shrimp - 16 - 20 Cooked, Peeled",4,3869.06
Kmart,Pétionville,06 3rd Crossing,"Croissant, Raw - Mini",2,2302.85
Stein Mart,Conceição da Barra,26 Bobwhite Alley,"Lobster - Tail, 3 - 4 Oz",8,1443.38
Ollie's Bargain Outlet,Uppsala,6 Hoard Junction,"Wine - White, Pelee Island",3,769.24
Stein Mart,Panggung,104 Marcy Hill,"Chicken - Base, Ultimate",6,2884.25
Shopko,Kovářov,0165 Forest Run Plaza,Bandage - Fexible 1x3,5,2670.64
T.J. Maxx,Inuyama,6 Shelley Parkway,"Squash - Pattypan, Yellow",3,191.89
Dollar General,Göteborg,22138 Lukken Point,Magnotta - Bel Paese White,3,3196.1
Bargain Hunt,Catabola,077 School Pass,Dragon Fruit,2,123.52
Kmart,Newport Beach,410 Maryland Lane,"Pepper - Chillies, Crushed",9,1326.4
Family Dollar,Sardoal,681 Hovde Drive,Tomatoes - Roma,2,1155.1
Renys,Carvalhos,63739 Transport Crossing,Bread - Assorted Rolls,11,2609.66
Target,T’azagyugh,75984 Lerdahl Terrace,Beans - Wax,7,3217.15
Fred's,Maoping,20911 Pond Road,Pepper - Sorrano,6,491.87
Dollar Tree,Taichung,2 Katie Point,Dr. Pepper - 355ml,2,3293.08
Dollar General,Cortezia,99 Independence Street,Beef Flat Iron Steak,3,619.43
National Stores,Cotton Ground,18 Vera Circle,Trout - Smoked,6,914.43
Gordmans,Yambol,03669 7th Alley,Appetizer - Mango Chevre,9,3618.46
Big Lots,Aguas del Padre,1943 Sloan Circle,Bagel - Whole White Sesame,6,3137.13
Ross Stores,San Vicente,0 Monica Road,"Turkey - Whole, Fresh",8,384.56
Dd's Discounts,Fenggao,8 Scott Crossing,Soupfoamcont12oz 112con,3,3278.81
Gabe's,Xarsingma,2 Emmet Place,Chervil - Fresh,8,2882.61
Meijer,Zhangqiang,3613 Columbus Road,Pea - Snow,7,3475.4
Marshalls,Huanshi,31 Vera Junction,Bread - Granary Small Pull,8,3190.04
Fred Meyer,Ipoh,7 Chinook Drive,Oxtail - Cut,12,1572.3
Marshalls,Taganrog,1 Ronald Regan Avenue,"Tortillas - Flour, 12",4,3182.31
Costco,Santa Lucía Cotzumalguapa,1835 Harper Parkway,Rice Paper,10,2075.6
Shopko,Palermo,70 Shopko Park,Chocolate - Liqueur Cups With Foil,1,3355.28
Harbor Freight Tools,Oslo,07 Ridgeview Pass,Guinea Fowl,10,3828.09
Target,Chaviña,335 Norway Maple Junction,Soup - Campbells Asian Noodle,12,1670.36
Ben Franklin,Lucma,49 Lighthouse Bay Lane,Lettuce - Boston Bib,5,1776.75
Walmart,Bombon,0 Fairview Point,Samosa - Veg,7,1283.74
Tuesday Morning,Lipník nad Bečvou,6246 Sugar Pass,Cheese - Grie Des Champ,10,873.29
Marshalls,Muhos,38 Mosinee Pass,Rice Paper,1,2195.66
Dd's Discounts,Mubi,274 Lukken Crossing,Spice - Greek 1 Step,12,220.27
Gordmans,Cikou,0 Manley Junction,Oranges,11,2331.49
Bargain Hunt,Batad,51 Sunbrook Plaza,Salmon Steak - Cohoe 6 Oz,3,1864.31
Family Dollar,"Hospitalet De Llobregat, L'",6 Continental Alley,Beans - Wax,8,1103.82
Gordmans,Berlin,324 Northport Center,Lettuce - Frisee,10,3182.8
Dollar Tree,Tomelilla,3987 Hallows Place,Tea - Green,4,111.48
Renys,Bulualto,9833 Marcy Lane,Pepper - Cubanelle,4,3418.39
Ollie's Bargain Outlet,Jawand,162 Laurel Street,Dome Lid Clear P92008h,3,1022.98
T.J. Maxx,Santa Rosa de Copán,926 La Follette Parkway,"Beef - Rib Roast, Capless",8,3698.57
Renys,Cigenca,759 Sutherland Terrace,"Pasta - Fettuccine, Egg, Fresh",9,2491.65
Tuesday Morning,Kokkinóchoma,5 Fallview Alley,Pastry - Baked Cinnamon Stick,9,1430.83
Ben Franklin,Kasungu,44 Morning Point,"Wine - Red, Metus Rose",8,3998.28
Family Dollar,Tanahmerah,739 Kim Drive,Toamtoes 6x7 Select,3,850.24
Burlington Coat Factory,Hedao,789 Sachtjen Road,Beans - Fava Fresh,11,2462.02
T.J. Maxx,Presidencia Roque Sáenz Peña,330 Ludington Junction,Towel Dispenser,9,3971.11
Ocean State Job Lot,Gizo,89551 Waywood Junction,"Flour - Bran, Red",3,973.66
Gordmans,Mieścisko,0 Vermont Parkway,"Pepper - Black, Whole",4,3441.08
National Stores,Ibarreta,178 Derek Crossing,Pie Shell - 9,6,1791.12
Ocean State Job Lot,Chuangye,5 Golf Center,Piping - Bags Quizna,7,3572.13
Stein Mart,Łapsze Niżne,782 Bobwhite Drive,Kohlrabi,10,2146.31
National Stores,Świętajno,968 Nelson Plaza,Squid - Tubes / Tenticles 10/20,2,3113.78
Bi-Mart,Danauparis,2 Stoughton Place,Bread Base - Gold Formel,8,2444.6
National Stores,Hovd,57 Anniversary Crossing,Hot Chocolate - Individual,8,111.05
National Stores,Bīrganj,0 Butterfield Hill,Plaintain,7,933.03
T.J. Maxx,Bhunya,3068 Cardinal Park,Chinese Foods - Chicken,4,815.08
Tuesday Morning,Cibungur,22591 Pine View Terrace,Bag Clear 10 Lb,6,2193.88
BJ's Wholesale Club,Narutochō-mitsuishi,42 Mitchell Way,Wine - Alsace Gewurztraminer,11,3000.98
Bi-Mart,Isehara,36439 Brickson Park Point,"Mushroom - Enoki, Fresh",2,1237.87
BJ's Wholesale Club,Muqi,0 Stuart Crossing,Soup - Campbells Tomato Ravioli,8,647.95
Gabe's,Rafaï,64 Susan Parkway,Toothpick Frilled,1,2407.3
Family Dollar,Puro Pinget,357 Kings Street,Onions - Cooking,2,2976.64
Ross Stores,Buriwutung,8 Dryden Park,"Wine - Magnotta, Merlot Sr Vqa",2,1151.61
National Stores,Watubuku,0 Claremont Park,The Pop Shoppe Pinapple,8,3826.64
Meijer,Zhigalovo,42 Morrow Alley,Papadam,1,2557.56
Fred's,Krajan Jamprong,98 Lyons Pass,Calypso - Pineapple Passion,2,1577.91
Meijer,Eman,9437 Rowland Alley,Remy Red Berry Infusion,6,3576.63
T.J. Maxx,Sainte-Anne-des-Plaines,9 Anhalt Center,Sausage - Meat,5,2295.9
Dollar Tree,Vũ Quang,9382 Stephen Trail,Beer - Upper Canada Light,2,1753.12
Marshalls,Fordon,59834 Forster Junction,Wine - Prosecco Valdobienne,4,379.28
Kmart,Klimovsk,88136 Menomonie Terrace,Anchovy In Oil,3,3967.74
Shopko,Bandarbeyla,3351 John Wall Road,Latex Rubber Gloves Size 9,1,3754.02
Costco,Kerep Wetan,383 Briar Crest Way,Wine - Pinot Noir Mondavi Coastal,12,3666.27
Fred's,Bungbulang,3 Arizona Street,Beef - Striploin Aa,11,1769.6
Stein Mart,Meixi,4 New Castle Circle,Cream Of Tartar,12,3874.64
Dd's Discounts,Monte Aprazível,9610 Meadow Valley Way,"Spoon - Soup, Plastic",3,3358.84
HomeGoods,Stamford,539 Merry Junction,"Wine - Red, Pelee Island Merlot",8,2232.9
Kmart,Entebbe,94079 Warner Plaza,Chicken Breast Halal,6,389.19
Stein Mart,Ōfunato,4 2nd Hill,Tea - Decaf 1 Cup,3,446.85
Fred Meyer,Dongxin,13298 Petterle Place,Veal - Inside,8,2735.24
Marshalls,Chambar,56063 La Follette Parkway,"Soup - Knorr, Classic Can. Chili",10,1882.77
Bargain Hunt,Uk,75 Park Meadow Crossing,Lemonade - Pineapple Passion,8,1433.25
BJ's Wholesale Club,Trajouce,65905 Superior Plaza,Corn - Mini,2,3478.09
Tuesday Morning,Paris La Défense,32377 Manufacturers Center,Pecan Raisin - Tarts,1,2279.93
National Stores,Thabazimbi,6 Delladonna Street,"Coconut - Creamed, Pure",8,449.73
Fred Meyer,Tongjiaxi,878 Corry Circle,"Lamb - Whole, Fresh",2,1699.71
Roses,Saniwonorejo,8427 Del Sol Lane,Orange Roughy 6/8 Oz,2,2603.19
Dd's Discounts,Road Town,0 Elgar Road,Nantucket Cranberry Juice,11,2248.61
Kmart,Biała,9306 Glacier Hill Terrace,Yukon Jack,7,3763.02
Kmart,Teberda,83079 Sutherland Pass,Wine - Fat Bastard Merlot,12,909.43
Dollar General,Phu Loc,49847 Petterle Circle,"Tomatoes - Cherry, Yellow",7,987.65
Tuesday Morning,Ochla,31 Killdeer Crossing,Soup - Campbells Mac N Cheese,12,3090.09
Dollar General,Épinal,48816 Bartillon Place,Salt And Pepper Mix - Black,11,3606.86
Bargain Hunt,Minneapolis,8 Glacier Hill Parkway,Muffin - Banana Nut Individual,11,3314.07
Costco,Wuyang,77718 Randy Court,Muffin Mix - Blueberry,7,721.54
Ocean State Job Lot,Solnice,83 Del Sol Crossing,Ham - Cooked Bayonne Tinned,3,2696.93
Family Dollar,Huaribamba,771 Gerald Way,Puff Pastry - Slab,11,1899.35
Ben Franklin,Jardia,07 Waywood Road,Appetiser - Bought,8,3990.29
Harbor Freight Tools,Pitanga,7196 Morning Hill,Wine - Masi Valpolocell,4,2258.84
Ollie's Bargain Outlet,Harjamukti,2377 Coolidge Road,"Tart Shells - Sweet, 3",7,3459.51
Gabe's,Khorinsk,77 Waubesa Lane,Pastry - Baked Scones - Mini,6,2298.21
Dollar Tree,Campinas,81978 Stoughton Parkway,Olives - Stuffed,10,2674.12
Target,Benito Juarez,01 Delladonna Terrace,Tea - Herbal Sweet Dreams,6,3786.21
Dollar Tree,Duanshen,22576 Sullivan Court,Beer - Sleeman Fine Porter,12,1936.65
Harbor Freight Tools,Séléa,908 Iowa Terrace,Broom - Corn,2,3626.08
Target,Timurlorong,25 Norway Maple Plaza,Leeks - Large,11,1278.26
HomeSense,Paraíso,4 Pond Terrace,Pheasants - Whole,11,1708.34
HomeSense,Liang,25258 Westport Junction,Oil - Avocado,10,1632.01
Marshalls,Shamva,9 Merry Crossing,"Tea - Darjeeling, Azzura",2,2322.77
Burlington Coat Factory,Wakkanai,5278 La Follette Hill,"Wine - Red, Concha Y Toro",11,1059.85
Ben Franklin,Colorado,794 Armistice Plaza,"Soup - Campbells, Minestrone",3,3543.77
Stein Mart,Shanxiahu,31458 Calypso Alley,Muffin Hinge - 211n,2,137.75
Fred Meyer,Villa Bisonó,9804 American Ash Pass,Cherries - Frozen,9,884.42
Bi-Mart,Sunagawa,0785 Kensington Plaza,"Soup - Knorr, Ministrone",10,403.0
Gordmans,Xinghua,2230 Evergreen Pass,"Wine - Red, Antinori Santa",1,12.78
Shopko,Shaxi,17 Gateway Drive,Gatorade - Lemon Lime,5,2911.55
Dollar Tree,Knoxville,082 Karstens Plaza,"Lamb - Whole, Fresh",6,2939.6
Marshalls,Daguo,0140 American Park,"Bread - Pumpernickle, Rounds",10,790.68
BJ's Wholesale Club,Shangtuhai,0037 Victoria Crossing,Relish,9,1112.87
Five Below,Heemstede,8971 Di Loreto Point,Chives - Fresh,2,2025.5
Shopko,Vysočany,40 Graedel Hill,Oil - Olive,1,2571.71
Bargain Hunt,Cikujang,2487 Hovde Terrace,Veal - Heart,1,2377.37
Five Below,Kapitanivka,223 Sheridan Trail,Water - Aquafina Vitamin,10,123.06
Harbor Freight Tools,Sumurwaru,9230 Park Meadow Hill,"Lemonade - Strawberry, 591 Ml",10,1166.6
Dollar Tree,Zhongshan,1 Eastlawn Parkway,Sour Puss Sour Apple,5,1119.49
Dollar General,Kolomanu,34 Cascade Plaza,Macaroons - Homestyle Two Bit,11,1482.77
Dd's Discounts,Sentieiras,41701 4th Place,Mix - Cocktail Ice Cream,4,1979.5
Family Dollar,Bāglung,92 Vera Parkway,"Pasta - Lasagne, Fresh",5,813.43
Bi-Mart,Rybinsk,285 Harbort Center,"Oranges - Navel, 72",6,3197.98
Roses,Shakhun’ya,3735 Lien Drive,Wine - Rhine Riesling Wolf Blass,2,1544.82
Stein Mart,Lukrejo,5 Orin Hill,Sugar - Palm,12,1472.25
Bargain Hunt,Giporlos,5 Vermont Crossing,Coffee - Hazelnut Cream,6,305.39
Dollar General,Yangxunqiao,5693 Bultman Road,Persimmons,7,3372.29
Stein Mart,São Sepé,2 Esch Park,Sprouts - Bean,7,116.95
Walmart,Češinovo,1311 Jenna Parkway,Fondant - Icing,6,146.9
Gabe's,Larvik,8 Carey Court,"Pepper - Black, Ground",3,1420.52
Kmart,Złocieniec,532 Express Crossing,Flavouring - Orange,10,2080.62
Stein Mart,Niagara Falls,4 Swallow Center,"Wine - White, Riesling, Semi - Dry",12,2434.42
Shopko,Tomado,2 Rockefeller Crossing,Sea Bass - Fillets,9,2338.38
Ocean State Job Lot,Aguachica,3 1st Court,Sun - Dried Tomatoes,5,3514.48
Gordmans,Maunggora,1 Bartelt Road,Parasol Pick Stir Stick,5,3527.67
Costco,Reckange-sur-Mess,23 Ryan Lane,Tetley's English Ale,8,540.06
T.J. Maxx,Dongming,24 Summit Center,Bread - Raisin,7,2361.01
BJ's Wholesale Club,Mrongi Daja,759 David Point,Truffle - Peelings,6,3714.59
Harbor Freight Tools,Sabnova,58332 Talmadge Avenue,"Wine - White, Riesling, Henry Of",4,1756.09
Dollar Tree,Bandhagen,67808 Spaight Pass,Ecolab - Hobart Upr Prewash Arm,12,2816.75
Dollar Tree,Tintina,76 Maywood Court,"Tomatoes - Diced, Canned",6,1971.1
Ocean State Job Lot,Buket Teukuh,24347 Stone Corner Road,Cake - Pancake,1,3114.68
Marshalls,Tatsuno,4 Katie Trail,Fenngreek Seed,10,2596.21
Kmart,Punta de Bombón,342 Green Drive,Wine - Rhine Riesling Wolf Blass,8,3927.89
Ollie's Bargain Outlet,Syevyerodonets’k,988 Michigan Avenue,Pears - Anjou,8,3629.41
Ollie's Bargain Outlet,Despotovac,5 Independence Crossing,Milk - 1%,6,1908.01
Fred's,Goubangzi,920 Larry Parkway,Soup - French Can Pea,6,1934.63
Fred Meyer,Dammarie-les-Lys,5 Magdeline Street,V8 Splash Strawberry Banana,3,2914.01
Fred's,Slavs’ke,4 Onsgard Way,Tobasco Sauce,8,1430.3
Walmart,Chambéry,867 Fallview Junction,Breakfast Quesadillas,5,771.79
Dd's Discounts,Piña,48 Bay Road,Puree - Raspberry,8,2299.61
Tuesday Morning,Podgornoye,08492 Vera Way,"Veal - Shank, Pieces",12,1282.75
Bargain Hunt,Librazhd,41269 Delladonna Drive,Cookies Cereal Nut,10,2736.27
Marshalls,Longsha,8 Lukken Terrace,Soup Campbells - Tomato Bisque,6,3597.64
Tuesday Morning,Marxog,9952 Lindbergh Alley,Ham - Procutinni,2,3365.72
Ocean State Job Lot,Santa Lucia,038 Ridgeway Circle,Bandage - Fexible 1x3,9,3011.05
Tuesday Morning,Murmino,59 Porter Crossing,Cake - Pancake,2,2469.28
Roses,Casal,52 Reinke Circle,Puff Pastry - Sheets,2,3606.7
Bi-Mart,Yinyang,8614 Ridgeway Center,Lettuce - Treviso,8,1694.88
Dollar General,Xinji,28 Sutteridge Alley,Muffin - Banana Nut Individual,10,1660.43
Renys,Buenavista,12101 Pawling Junction,Tetley's English Ale,7,3254.62
Bi-Mart,Luzern,6 Dottie Circle,Cheese - Parmigiano Reggiano,1,897.4
HomeSense,Ojo de Agua,0 Division Avenue,Extract - Lemon,2,2209.48
Big Lots,Qila Abdullāh,715 Del Sol Road,Muffin Mix - Oatmeal,2,3958.1
T.J. Maxx,Aldeia de Além,10 Cascade Drive,Wine - Savigny - Les - Beaune,12,3160.18
BJ's Wholesale Club,Wąpielsk,441 Helena Place,"Pepper - Black, Ground",9,284.94
Target,Trollhättan,02193 Mifflin Avenue,Cheese - Cream Cheese,1,727.73
Dollar Tree,Varge Mondar,53247 Arkansas Parkway,Nacho Chips,6,3450.34
BJ's Wholesale Club,Xiashihao,76 Pine View Plaza,Peppercorns - Green,5,1030.27
Dollar General,Fenggao,880 Fairview Avenue,Chicken - Whole,5,2063.88
Family Dollar,Bachok,72 Gulseth Parkway,"Lamb - Pieces, Diced",4,2686.27
Roses,Shuinan,56067 Golf Way,"Cup - 3.5oz, Foam",12,1536.72
Dollar General,Shigongqiao,6531 Dapin Plaza,Chef Hat 25cm,10,3867.71
HomeSense,Taishanmiao,5 Packers Circle,Pineapple - Golden,4,3052.63
Gabe's,Ejigbo,4 Harper Hill,Petite Baguette,11,1622.26
Gabe's,Najiaying,759 Gerald Circle,Rice - Aborio,12,2159.4
Stein Mart,Dateng,0845 Goodland Street,Beer - True North Strong Ale,10,3111.96
Fred's,Cambanay,42 Summit Alley,Chicken Thigh - Bone Out,6,3583.77
Burlington Coat Factory,Kokubu-matsuki,57786 Prairieview Alley,Ginger - Ground,7,94.44
Gordmans,Sillon,168 Tomscot Junction,"Capon - Breast, Wing On",4,3431.41
T.J. Maxx,Hantai,5 Hanson Court,Wine - Magnotta - Belpaese,10,3693.7
Shopko,North Little Rock,6359 Alpine Street,Longos - Chicken Curried,2,1263.01
Walmart,Volgo-Kaspiyskiy,660 Esker Alley,Spice - Paprika,5,2378.28
Costco,Cabadiangan,96487 Buena Vista Road,Tamarillo,11,3078.94
Family Dollar,Babakan,27 South Terrace,Cakes Assorted,6,1223.6
Fred's,Sananduva,5 Waxwing Terrace,Brandy - Bar,2,1096.9
Shopko,Nakajah,68988 Mitchell Circle,"Sauce - Black Current, Dry Mix",10,2009.06
Roses,Yanglinwei,88 Annamark Center,Muffin Orange Individual,10,890.48
Target,Salamá,1 Lien Parkway,The Pop Shoppe - Grape,5,3114.27
Walmart,Zhuanqiang,93318 Cascade Park,"Soup - Campbells, Creamy",1,3116.27
Dollar General,Ōdachō-ōda,77 West Lane,Sole - Fillet,9,1373.34
Target,Xiniu,0964 Schmedeman Drive,Banana Turning,3,3195.4
Walmart,Bulqizë,29193 Lunder Lane,"Beans - Turtle, Black, Dry",2,107.88
Family Dollar,Huayuan,53033 Clyde Gallagher Crossing,Cup - Translucent 7 Oz Clear,8,2126.41
T.J. Maxx,Whistler,6 Mayfield Terrace,Tofu - Firm,10,2256.8
Five Below,Minggang,4703 Blue Bill Park Point,Bread - Mini Hamburger Bun,11,2273.47
Target,Beltinci,302 Sundown Way,Flour - Pastry,5,3252.77
Target,Bobigny,50768 Karstens Street,Cabbage - Red,4,1252.27
Dollar Tree,Gapluk,84 Superior Drive,Chinese Foods - Plain Fried Rice,12,3512.56
Ollie's Bargain Outlet,Madoi,40 Blue Bill Park Pass,"Wine - Red, Marechal Foch",9,1849.01
T.J. Maxx,Terezín,98 Lake View Junction,Salmon - Fillets,1,1004.12
Ben Franklin,Regidor,09220 John Wall Point,Wine - Manischewitz Concord,12,27.14
National Stores,Marne-la-Vallée,0 Anthes Road,Ecolab Crystal Fusion,8,3819.93
Bi-Mart,Līkak,2 Schmedeman Park,Coffee - Decafenated,10,2334.08
Roses,Jõgeva,9 Randy Road,"Seedlings - Buckwheat, Organic",3,1528.7
Tuesday Morning,Tinogasta,1557 Boyd Street,Bok Choy - Baby,6,2984.66
Walmart,Meixi,59238 Shopko Terrace,Turkey - Ground. Lean,6,1290.62
Gabe's,Fenglin,3 Tennyson Trail,"Basil - Dry, Rubbed",9,1665.3
Kmart,Xiantang,9 Morningstar Parkway,Wine - Pinot Noir Stoneleigh,2,2504.58
Walmart,Anserma,7 Roxbury Place,Okra,3,596.47
T.J. Maxx,Xinglongjie,9476 Morrow Trail,Pork - Smoked Back Bacon,12,3477.17
Burlington Coat Factory,Isangel,3029 Hollow Ridge Place,Flounder - Fresh,6,2702.02
Tuesday Morning,Gaya,496 Dapin Hill,Bread - Wheat Baguette,6,487.96
Big Lots,Sexmoan,99 Granby Place,"Soup - Knorr, French Onion",2,1769.61
